This is XeTeX, Version 3.141592653-2.6-0.999998 (MiKTeX 26.5) (preloaded format=xelatex 2026.6.27)  27 JUN 2026 12:07
entering extended mode
 restricted \write18 enabled.
 %&-line parsing enabled.
**./sss.tex
(sss.tex
LaTeX2e <2026-06-01>
L3 programming layer <2026-05-26>

(C:\Users\Mohammed Al-Emara\AppData\Local\Programs\MiKTeX\tex/latex/base\report
.cls
Document Class: report 2025/01/22 v1.4n Standard LaTeX document class

(C:\Users\Mohammed Al-Emara\AppData\Local\Programs\MiKTeX\tex/latex/base\size10
.clo
File: size10.clo 2025/01/22 v1.4n Standard LaTeX file (size option)
)
\c@part=\count273
\c@chapter=\count274
\c@section=\count275
\c@subsection=\count276
\c@subsubsection=\count277
\c@paragraph=\count278
\c@subparagraph=\count279
\c@figure=\count280
\c@table=\count281
\abovecaptionskip=\skip49
\belowcaptionskip=\skip50
\bibindent=\dimen150
)
(C:\Users\Mohammed Al-Emara\AppData\Local\Programs\MiKTeX\tex/latex/xcolor\xcol
or.sty
Package: xcolor 2024/09/29 v3.02 LaTeX color extensions (UK)

(C:\Users\Mohammed Al-Emara\AppData\Local\Programs\MiKTeX\tex/latex/graphics-cf
g\color.cfg
File: color.cfg 2016/01/02 v1.6 sample color configuration
)
Package xcolor Info: Driver file: xetex.def on input line 274.

(C:\Users\Mohammed Al-Emara\AppData\Local\Programs\MiKTeX\tex/latex/graphics-de
f\xetex.def
File: xetex.def 2025/11/01 v5.0p Graphics/color driver for xetex
)
(C:\Users\Mohammed Al-Emara\AppData\Local\Programs\MiKTeX\tex/latex/graphics\ma
thcolor.ltx)
Package xcolor Info: Model `cmy' substituted by `cmy0' on input line 1349.
Package xcolor Info: Model `RGB' extended on input line 1365.
Package xcolor Info: Model `HTML' substituted by `rgb' on input line 1367.
Package xcolor Info: Model `Hsb' substituted by `hsb' on input line 1368.
Package xcolor Info: Model `tHsb' substituted by `hsb' on input line 1369.
Package xcolor Info: Model `HSB' substituted by `hsb' on input line 1370.
Package xcolor Info: Model `Gray' substituted by `gray' on input line 1371.
Package xcolor Info: Model `wave' substituted by `hsb' on input line 1372.
)
(C:\Users\Mohammed Al-Emara\AppData\Local\Programs\MiKTeX\tex/latex/amsmath\ams
math.sty
Package: amsmath 2026/05/19 v2.18d AMS math features
\@mathmargin=\skip51
For additional information on amsmath, use the `?' option.

(C:\Users\Mohammed Al-Emara\AppData\Local\Programs\MiKTeX\tex/latex/amsmath\ams
text.sty
Package: amstext 2024/11/17 v2.01 AMS text

(C:\Users\Mohammed Al-Emara\AppData\Local\Programs\MiKTeX\tex/latex/amsmath\ams
gen.sty
File: amsgen.sty 1999/11/30 v2.0 generic functions
\@emptytoks=\toks17
\ex@=\dimen151
))
(C:\Users\Mohammed Al-Emara\AppData\Local\Programs\MiKTeX\tex/latex/amsmath\ams
bsy.sty
Package: amsbsy 1999/11/29 v1.2d Bold Symbols
\pmbraise@=\dimen152
)
(C:\Users\Mohammed Al-Emara\AppData\Local\Programs\MiKTeX\tex/latex/amsmath\ams
opn.sty
Package: amsopn 2022/04/08 v2.04 operator names
)
\inf@bad=\count282
LaTeX Info: Redefining \frac on input line 233.
\uproot@=\count283
\leftroot@=\count284
LaTeX Info: Redefining \overline on input line 398.
LaTeX Info: Redefining \colon on input line 409.
\classnum@=\count285
\DOTSCASE@=\count286
LaTeX Info: Redefining \ldots on input line 495.
LaTeX Info: Redefining \dots on input line 498.
LaTeX Info: Redefining \cdots on input line 619.
\Mathstrutbox@=\box53
\strutbox@=\box54
LaTeX Info: Redefining \big on input line 721.
LaTeX Info: Redefining \Big on input line 722.
LaTeX Info: Redefining \bigg on input line 723.
LaTeX Info: Redefining \Bigg on input line 724.
\big@size=\dimen153
LaTeX Font Info:    Redeclaring font encoding OML on input line 742.
LaTeX Font Info:    Redeclaring font encoding OMS on input line 743.
\macc@depth=\count287
LaTeX Info: Redefining \bmod on input line 904.
LaTeX Info: Redefining \pmod on input line 909.
LaTeX Info: Redefining \smash on input line 939.
LaTeX Info: Redefining \relbar on input line 969.
LaTeX Info: Redefining \Relbar on input line 970.
\c@MaxMatrixCols=\count288
\dotsspace@=\muskip17
\c@parentequation=\count289
\dspbrk@lvl=\count290
\tag@help=\toks18
\row@=\count291
\column@=\count292
\maxfields@=\count293
\andhelp@=\toks19
\eqnshift@=\dimen154
\alignsep@=\dimen155
\tagshift@=\dimen156
\tagwidth@=\dimen157
\totwidth@=\dimen158
\lineht@=\dimen159
\@envbody=\toks20
\multlinegap=\skip52
\multlinetaggap=\skip53
\mathdisplay@stack=\toks21
LaTeX Info: Redefining \[ on input line 2965.
LaTeX Info: Redefining \] on input line 2966.
)
(C:\Users\Mohammed Al-Emara\AppData\Local\Programs\MiKTeX\tex/latex/amsfonts\am
ssymb.sty
Package: amssymb 2013/01/14 v3.01 AMS font symbols

(C:\Users\Mohammed Al-Emara\AppData\Local\Programs\MiKTeX\tex/latex/amsfonts\am
sfonts.sty
Package: amsfonts 2013/01/14 v3.01 Basic AMSFonts support
\symAMSa=\mathgroup4
\symAMSb=\mathgroup5
LaTeX Font Info:    Redeclaring math symbol \hbar on input line 98.
LaTeX Font Info:    Overwriting math alphabet `\mathfrak' in version `bold'
(Font)                  U/euf/m/n --> U/euf/b/n on input line 106.
))
(C:\Users\Mohammed Al-Emara\AppData\Local\Programs\MiKTeX\tex/generic/iftex\ift
ex.sty
Package: iftex 2024/12/12 v1.0g TeX engine tests
)
(C:\Users\Mohammed Al-Emara\AppData\Local\Programs\MiKTeX\tex/latex/unicode-mat
h\unicode-math.sty
(C:\Users\Mohammed Al-Emara\AppData\Local\Programs\MiKTeX\tex/latex/l3kernel\ex
pl3.sty
Package: expl3 2026-05-26 L3 programming layer (loader) 

(C:\Users\Mohammed Al-Emara\AppData\Local\Programs\MiKTeX\tex/latex/l3backend\l
3backend-xetex.def
File: l3backend-xetex.def 2026-02-18 L3 backend support: XeTeX
\g__graphics_track_int=\count294
\g__pdfannot_backend_int=\count295
\g__pdfannot_backend_link_int=\count296
))
Package: unicode-math 2023/08/13 v0.8r Unicode maths in XeLaTeX and LuaLaTeX

(C:\Users\Mohammed Al-Emara\AppData\Local\Programs\MiKTeX\tex/latex/unicode-mat
h\unicode-math-xetex.sty
Package: unicode-math-xetex 2023/08/13 v0.8r Unicode maths in XeLaTeX and LuaLa
TeX

(C:\Users\Mohammed Al-Emara\AppData\Local\Programs\MiKTeX\tex/latex/l3packages/
xparse\xparse.sty
Package: xparse 2025-10-09 L3 Experimental document command parser
)
(C:\Users\Mohammed Al-Emara\AppData\Local\Programs\MiKTeX\tex/latex/l3packages/
l3keys2e\l3keys2e.sty
Package: l3keys2e 2025-10-09 LaTeX2e option processing using LaTeX3 keys
)
(C:\Users\Mohammed Al-Emara\AppData\Local\Programs\MiKTeX\tex/latex/fontspec\fo
ntspec.sty
Package: fontspec 2025/09/29 v2.9g Font selection for XeLaTeX and LuaLaTeX

(C:\Users\Mohammed Al-Emara\AppData\Local\Programs\MiKTeX\tex/latex/fontspec\fo
ntspec-xetex.sty
Package: fontspec-xetex 2025/09/29 v2.9g Font selection for XeLaTeX and LuaLaTe
X
\l__fontspec_script_int=\count297
\l__fontspec_language_int=\count298
\l__fontspec_strnum_int=\count299
\l__fontspec_tmp_int=\count300
\l__fontspec_tmpa_int=\count301
\l__fontspec_tmpb_int=\count302
\l__fontspec_tmpc_int=\count303
\l__fontspec_em_int=\count304
\l__fontspec_emdef_int=\count305
\l__fontspec_strong_int=\count306
\l__fontspec_strongdef_int=\count307
\l__fontspec_tmpa_dim=\dimen160
\l__fontspec_tmpb_dim=\dimen161
\l__fontspec_tmpc_dim=\dimen162

(C:\Users\Mohammed Al-Emara\AppData\Local\Programs\MiKTeX\tex/latex/base\fonten
c.sty
Package: fontenc 2025/07/18 v2.1d Standard LaTeX package
)
(C:\Users\Mohammed Al-Emara\AppData\Local\Programs\MiKTeX\tex/latex/fontspec\fo
ntspec.cfg)))
(C:\Users\Mohammed Al-Emara\AppData\Local\Programs\MiKTeX\tex/latex/base\fix-cm
.sty
Package: fix-cm 2020/11/24 v1.1t fixes to LaTeX

(C:\Users\Mohammed Al-Emara\AppData\Local\Programs\MiKTeX\tex/latex/base\ts1enc
.def
File: ts1enc.def 2001/06/05 v3.0e (jk/car/fm) Standard LaTeX file
LaTeX Font Info:    Redeclaring font encoding TS1 on input line 47.
LaTeX Encoding Info:    Redeclaring text command \capitalcedilla (encoding TS1)
 on input line 49.
LaTeX Encoding Info:    Redeclaring text command \capitalogonek (encoding TS1) 
on input line 52.
LaTeX Encoding Info:    Redeclaring text command \capitalgrave (encoding TS1) o
n input line 55.
LaTeX Encoding Info:    Redeclaring text command \capitalacute (encoding TS1) o
n input line 56.
LaTeX Encoding Info:    Redeclaring text command \capitalcircumflex (encoding T
S1) on input line 57.
LaTeX Encoding Info:    Redeclaring text command \capitaltilde (encoding TS1) o
n input line 58.
LaTeX Encoding Info:    Redeclaring text command \capitaldieresis (encoding TS1
) on input line 59.
LaTeX Encoding Info:    Redeclaring text command \capitalhungarumlaut (encoding
 TS1) on input line 60.
LaTeX Encoding Info:    Redeclaring text command \capitalring (encoding TS1) on
 input line 61.
LaTeX Encoding Info:    Redeclaring text command \capitalcaron (encoding TS1) o
n input line 62.
LaTeX Encoding Info:    Redeclaring text command \capitalbreve (encoding TS1) o
n input line 63.
LaTeX Encoding Info:    Redeclaring text command \capitalmacron (encoding TS1) 
on input line 64.
LaTeX Encoding Info:    Redeclaring text command \capitaldotaccent (encoding TS
1) on input line 65.
LaTeX Encoding Info:    Redeclaring text command \t (encoding TS1) on input lin
e 66.
LaTeX Encoding Info:    Redeclaring text command \capitaltie (encoding TS1) on 
input line 67.
LaTeX Encoding Info:    Redeclaring text command \newtie (encoding TS1) on inpu
t line 68.
LaTeX Encoding Info:    Redeclaring text command \capitalnewtie (encoding TS1) 
on input line 69.
LaTeX Encoding Info:    Redeclaring text symbol \textcapitalcompwordmark (encod
ing TS1) on input line 70.
LaTeX Encoding Info:    Redeclaring text symbol \textascendercompwordmark (enco
ding TS1) on input line 71.
LaTeX Encoding Info:    Redeclaring text symbol \textquotestraightbase (encodin
g TS1) on input line 72.
LaTeX Encoding Info:    Redeclaring text symbol \textquotestraightdblbase (enco
ding TS1) on input line 73.
LaTeX Encoding Info:    Redeclaring text symbol \texttwelveudash (encoding TS1)
 on input line 74.
LaTeX Encoding Info:    Redeclaring text symbol \textthreequartersemdash (encod
ing TS1) on input line 75.
LaTeX Encoding Info:    Redeclaring text symbol \textleftarrow (encoding TS1) o
n input line 76.
LaTeX Encoding Info:    Redeclaring text symbol \textrightarrow (encoding TS1) 
on input line 77.
LaTeX Encoding Info:    Redeclaring text symbol \textblank (encoding TS1) on in
put line 78.
LaTeX Encoding Info:    Redeclaring text symbol \textdollar (encoding TS1) on i
nput line 79.
LaTeX Encoding Info:    Redeclaring text symbol \textquotesingle (encoding TS1)
 on input line 80.
LaTeX Encoding Info:    Redeclaring text command \textasteriskcentered (encodin
g TS1) on input line 81.
LaTeX Encoding Info:    Redeclaring text symbol \textdblhyphen (encoding TS1) o
n input line 92.
LaTeX Encoding Info:    Redeclaring text symbol \textfractionsolidus (encoding 
TS1) on input line 93.
LaTeX Encoding Info:    Redeclaring text symbol \textzerooldstyle (encoding TS1
) on input line 94.
LaTeX Encoding Info:    Redeclaring text symbol \textoneoldstyle (encoding TS1)
 on input line 95.
LaTeX Encoding Info:    Redeclaring text symbol \texttwooldstyle (encoding TS1)
 on input line 96.
LaTeX Encoding Info:    Redeclaring text symbol \textthreeoldstyle (encoding TS
1) on input line 97.
LaTeX Encoding Info:    Redeclaring text symbol \textfouroldstyle (encoding TS1
) on input line 98.
LaTeX Encoding Info:    Redeclaring text symbol \textfiveoldstyle (encoding TS1
) on input line 99.
LaTeX Encoding Info:    Redeclaring text symbol \textsixoldstyle (encoding TS1)
 on input line 100.
LaTeX Encoding Info:    Redeclaring text symbol \textsevenoldstyle (encoding TS
1) on input line 101.
LaTeX Encoding Info:    Redeclaring text symbol \texteightoldstyle (encoding TS
1) on input line 102.
LaTeX Encoding Info:    Redeclaring text symbol \textnineoldstyle (encoding TS1
) on input line 103.
LaTeX Encoding Info:    Redeclaring text symbol \textlangle (encoding TS1) on i
nput line 104.
LaTeX Encoding Info:    Redeclaring text symbol \textminus (encoding TS1) on in
put line 105.
LaTeX Encoding Info:    Redeclaring text symbol \textrangle (encoding TS1) on i
nput line 106.
LaTeX Encoding Info:    Redeclaring text symbol \textmho (encoding TS1) on inpu
t line 107.
LaTeX Encoding Info:    Redeclaring text symbol \textbigcircle (encoding TS1) o
n input line 108.
LaTeX Encoding Info:    Redeclaring text command \textcircled (encoding TS1) on
 input line 109.
LaTeX Encoding Info:    Redeclaring text symbol \textohm (encoding TS1) on inpu
t line 115.
LaTeX Encoding Info:    Redeclaring text symbol \textlbrackdbl (encoding TS1) o
n input line 116.
LaTeX Encoding Info:    Redeclaring text symbol \textrbrackdbl (encoding TS1) o
n input line 117.
LaTeX Encoding Info:    Redeclaring text symbol \textuparrow (encoding TS1) on 
input line 118.
LaTeX Encoding Info:    Redeclaring text symbol \textdownarrow (encoding TS1) o
n input line 119.
LaTeX Encoding Info:    Redeclaring text symbol \textasciigrave (encoding TS1) 
on input line 120.
LaTeX Encoding Info:    Redeclaring text symbol \textborn (encoding TS1) on inp
ut line 121.
LaTeX Encoding Info:    Redeclaring text symbol \textdivorced (encoding TS1) on
 input line 122.
LaTeX Encoding Info:    Redeclaring text symbol \textdied (encoding TS1) on inp
ut line 123.
LaTeX Encoding Info:    Redeclaring text symbol \textleaf (encoding TS1) on inp
ut line 124.
LaTeX Encoding Info:    Redeclaring text symbol \textmarried (encoding TS1) on 
input line 125.
LaTeX Encoding Info:    Redeclaring text symbol \textmusicalnote (encoding TS1)
 on input line 126.
LaTeX Encoding Info:    Redeclaring text symbol \texttildelow (encoding TS1) on
 input line 127.
LaTeX Encoding Info:    Redeclaring text symbol \textdblhyphenchar (encoding TS
1) on input line 128.
LaTeX Encoding Info:    Redeclaring text symbol \textasciibreve (encoding TS1) 
on input line 129.
LaTeX Encoding Info:    Redeclaring text symbol \textasciicaron (encoding TS1) 
on input line 130.
LaTeX Encoding Info:    Redeclaring text symbol \textacutedbl (encoding TS1) on
 input line 131.
LaTeX Encoding Info:    Redeclaring text symbol \textgravedbl (encoding TS1) on
 input line 132.
LaTeX Encoding Info:    Redeclaring text symbol \textdagger (encoding TS1) on i
nput line 133.
LaTeX Encoding Info:    Redeclaring text symbol \textdaggerdbl (encoding TS1) o
n input line 134.
LaTeX Encoding Info:    Redeclaring text symbol \textbardbl (encoding TS1) on i
nput line 135.
LaTeX Encoding Info:    Redeclaring text symbol \textperthousand (encoding TS1)
 on input line 136.
LaTeX Encoding Info:    Redeclaring text symbol \textbullet (encoding TS1) on i
nput line 137.
LaTeX Encoding Info:    Redeclaring text symbol \textcelsius (encoding TS1) on 
input line 138.
LaTeX Encoding Info:    Redeclaring text symbol \textdollaroldstyle (encoding T
S1) on input line 139.
LaTeX Encoding Info:    Redeclaring text symbol \textcentoldstyle (encoding TS1
) on input line 140.
LaTeX Encoding Info:    Redeclaring text symbol \textflorin (encoding TS1) on i
nput line 141.
LaTeX Encoding Info:    Redeclaring text symbol \textcolonmonetary (encoding TS
1) on input line 142.
LaTeX Encoding Info:    Redeclaring text symbol \textwon (encoding TS1) on inpu
t line 143.
LaTeX Encoding Info:    Redeclaring text symbol \textnaira (encoding TS1) on in
put line 144.
LaTeX Encoding Info:    Redeclaring text symbol \textguarani (encoding TS1) on 
input line 145.
LaTeX Encoding Info:    Redeclaring text symbol \textpeso (encoding TS1) on inp
ut line 146.
LaTeX Encoding Info:    Redeclaring text symbol \textlira (encoding TS1) on inp
ut line 147.
LaTeX Encoding Info:    Redeclaring text symbol \textrecipe (encoding TS1) on i
nput line 148.
LaTeX Encoding Info:    Redeclaring text symbol \textinterrobang (encoding TS1)
 on input line 149.
LaTeX Encoding Info:    Redeclaring text symbol \textinterrobangdown (encoding 
TS1) on input line 150.
LaTeX Encoding Info:    Redeclaring text symbol \textdong (encoding TS1) on inp
ut line 151.
LaTeX Encoding Info:    Redeclaring text symbol \texttrademark (encoding TS1) o
n input line 152.
LaTeX Encoding Info:    Redeclaring text symbol \textpertenthousand (encoding T
S1) on input line 153.
LaTeX Encoding Info:    Redeclaring text symbol \textpilcrow (encoding TS1) on 
input line 154.
LaTeX Encoding Info:    Redeclaring text symbol \textbaht (encoding TS1) on inp
ut line 155.
LaTeX Encoding Info:    Redeclaring text symbol \textnumero (encoding TS1) on i
nput line 156.
LaTeX Encoding Info:    Redeclaring text symbol \textdiscount (encoding TS1) on
 input line 157.
LaTeX Encoding Info:    Redeclaring text symbol \textestimated (encoding TS1) o
n input line 158.
LaTeX Encoding Info:    Redeclaring text symbol \textopenbullet (encoding TS1) 
on input line 159.
LaTeX Encoding Info:    Redeclaring text symbol \textservicemark (encoding TS1)
 on input line 160.
LaTeX Encoding Info:    Redeclaring text symbol \textlquill (encoding TS1) on i
nput line 161.
LaTeX Encoding Info:    Redeclaring text symbol \textrquill (encoding TS1) on i
nput line 162.
LaTeX Encoding Info:    Redeclaring text symbol \textcent (encoding TS1) on inp
ut line 163.
LaTeX Encoding Info:    Redeclaring text symbol \textsterling (encoding TS1) on
 input line 164.
LaTeX Encoding Info:    Redeclaring text symbol \textcurrency (encoding TS1) on
 input line 165.
LaTeX Encoding Info:    Redeclaring text symbol \textyen (encoding TS1) on inpu
t line 166.
LaTeX Encoding Info:    Redeclaring text symbol \textbrokenbar (encoding TS1) o
n input line 167.
LaTeX Encoding Info:    Redeclaring text symbol \textsection (encoding TS1) on 
input line 168.
LaTeX Encoding Info:    Redeclaring text symbol \textasciidieresis (encoding TS
1) on input line 169.
LaTeX Encoding Info:    Redeclaring text symbol \textcopyright (encoding TS1) o
n input line 170.
LaTeX Encoding Info:    Redeclaring text symbol \textordfeminine (encoding TS1)
 on input line 171.
LaTeX Encoding Info:    Redeclaring text symbol \textcopyleft (encoding TS1) on
 input line 172.
LaTeX Encoding Info:    Redeclaring text symbol \textlnot (encoding TS1) on inp
ut line 173.
LaTeX Encoding Info:    Redeclaring text symbol \textcircledP (encoding TS1) on
 input line 174.
LaTeX Encoding Info:    Redeclaring text symbol \textregistered (encoding TS1) 
on input line 175.
LaTeX Encoding Info:    Redeclaring text symbol \textasciimacron (encoding TS1)
 on input line 176.
LaTeX Encoding Info:    Redeclaring text symbol \textdegree (encoding TS1) on i
nput line 177.
LaTeX Encoding Info:    Redeclaring text symbol \textpm (encoding TS1) on input
 line 178.
LaTeX Encoding Info:    Redeclaring text symbol \texttwosuperior (encoding TS1)
 on input line 179.
LaTeX Encoding Info:    Redeclaring text symbol \textthreesuperior (encoding TS
1) on input line 180.
LaTeX Encoding Info:    Redeclaring text symbol \textasciiacute (encoding TS1) 
on input line 181.
LaTeX Encoding Info:    Redeclaring text symbol \textmu (encoding TS1) on input
 line 182.
LaTeX Encoding Info:    Redeclaring text symbol \textparagraph (encoding TS1) o
n input line 183.
LaTeX Encoding Info:    Redeclaring text symbol \textperiodcentered (encoding T
S1) on input line 184.
LaTeX Encoding Info:    Redeclaring text symbol \textreferencemark (encoding TS
1) on input line 185.
LaTeX Encoding Info:    Redeclaring text symbol \textonesuperior (encoding TS1)
 on input line 186.
LaTeX Encoding Info:    Redeclaring text symbol \textordmasculine (encoding TS1
) on input line 187.
LaTeX Encoding Info:    Redeclaring text symbol \textsurd (encoding TS1) on inp
ut line 188.
LaTeX Encoding Info:    Redeclaring text symbol \textonequarter (encoding TS1) 
on input line 189.
LaTeX Encoding Info:    Redeclaring text symbol \textonehalf (encoding TS1) on 
input line 190.
LaTeX Encoding Info:    Redeclaring text symbol \textthreequarters (encoding TS
1) on input line 191.
LaTeX Encoding Info:    Redeclaring text symbol \texteuro (encoding TS1) on inp
ut line 192.
LaTeX Encoding Info:    Redeclaring text symbol \texttimes (encoding TS1) on in
put line 193.
LaTeX Encoding Info:    Redeclaring text symbol \textdiv (encoding TS1) on inpu
t line 194.
))
\g__um_fam_int=\count308
\g__um_fonts_used_int=\count309
\l__um_primecount_int=\count310
\g__um_primekern_muskip=\muskip18

(C:\Users\Mohammed Al-Emara\AppData\Local\Programs\MiKTeX\tex/latex/unicode-mat
h\unicode-math-table.tex)))
(C:\Users\Mohammed Al-Emara\AppData\Local\Programs\MiKTeX\tex/latex/lm\lmodern.
sty
Package: lmodern 2015/05/01 v1.6.1 Latin Modern Fonts
LaTeX Font Info:    Overwriting symbol font `operators' in version `normal'
(Font)                  OT1/cmr/m/n --> OT1/lmr/m/n on input line 22.
LaTeX Font Info:    Overwriting symbol font `letters' in version `normal'
(Font)                  OML/cmm/m/it --> OML/lmm/m/it on input line 23.
LaTeX Font Info:    Overwriting symbol font `symbols' in version `normal'
(Font)                  OMS/cmsy/m/n --> OMS/lmsy/m/n on input line 24.
LaTeX Font Info:    Overwriting symbol font `largesymbols' in version `normal'
(Font)                  OMX/cmex/m/n --> OMX/lmex/m/n on input line 25.
LaTeX Font Info:    Overwriting symbol font `operators' in version `bold'
(Font)                  OT1/cmr/bx/n --> OT1/lmr/bx/n on input line 26.
LaTeX Font Info:    Overwriting symbol font `letters' in version `bold'
(Font)                  OML/cmm/b/it --> OML/lmm/b/it on input line 27.
LaTeX Font Info:    Overwriting symbol font `symbols' in version `bold'
(Font)                  OMS/cmsy/b/n --> OMS/lmsy/b/n on input line 28.
LaTeX Font Info:    Overwriting symbol font `largesymbols' in version `bold'
(Font)                  OMX/cmex/m/n --> OMX/lmex/m/n on input line 29.
LaTeX Font Info:    Overwriting math alphabet `\mathbf' in version `normal'
(Font)                  OT1/cmr/bx/n --> OT1/lmr/bx/n on input line 31.
LaTeX Font Info:    Overwriting math alphabet `\mathsf' in version `normal'
(Font)                  OT1/cmss/m/n --> OT1/lmss/m/n on input line 32.
LaTeX Font Info:    Overwriting math alphabet `\mathit' in version `normal'
(Font)                  OT1/cmr/m/it --> OT1/lmr/m/it on input line 33.
LaTeX Font Info:    Overwriting math alphabet `\mathtt' in version `normal'
(Font)                  OT1/cmtt/m/n --> OT1/lmtt/m/n on input line 34.
LaTeX Font Info:    Overwriting math alphabet `\mathbf' in version `bold'
(Font)                  OT1/cmr/bx/n --> OT1/lmr/bx/n on input line 35.
LaTeX Font Info:    Overwriting math alphabet `\mathsf' in version `bold'
(Font)                  OT1/cmss/bx/n --> OT1/lmss/bx/n on input line 36.
LaTeX Font Info:    Overwriting math alphabet `\mathit' in version `bold'
(Font)                  OT1/cmr/bx/it --> OT1/lmr/bx/it on input line 37.
LaTeX Font Info:    Overwriting math alphabet `\mathtt' in version `bold'
(Font)                  OT1/cmtt/m/n --> OT1/lmtt/m/n on input line 38.
)
(C:\Users\Mohammed Al-Emara\AppData\Local\Programs\MiKTeX\tex/latex/upquote\upq
uote.sty
Package: upquote 2012/04/19 v1.3 upright-quote and grave-accent glyphs in verba
tim

(C:\Users\Mohammed Al-Emara\AppData\Local\Programs\MiKTeX\tex/latex/base\textco
mp.sty
Package: textcomp 2024/04/24 v2.1b Standard LaTeX package
))
(C:\Users\Mohammed Al-Emara\AppData\Local\Programs\MiKTeX\tex/latex/microtype\m
icrotype.sty
Package: microtype 2026/03/01 v3.2d Micro-typographical refinements (RS)

(C:\Users\Mohammed Al-Emara\AppData\Local\Programs\MiKTeX\tex/latex/graphics\ke
yval.sty
Package: keyval 2026-05-17 v1.15 key=value parser (DPC)
\KV@toks@=\toks22
)
(C:\Users\Mohammed Al-Emara\AppData\Local\Programs\MiKTeX\tex/latex/etoolbox\et
oolbox.sty
Package: etoolbox 2025/10/02 v2.5m e-TeX tools for LaTeX (JAW)
\etb@tempcnta=\count311
)
\MT@toks=\toks23
\MT@tempbox=\box55
\MT@count=\count312
LaTeX Info: Redefining \noprotrusionifhmode on input line 1084.
LaTeX Info: Redefining \leftprotrusion on input line 1085.
\MT@prot@toks=\toks24
LaTeX Info: Redefining \rightprotrusion on input line 1104.
LaTeX Info: Redefining \textls on input line 1449.
\MT@outer@kern=\dimen163
LaTeX Info: Redefining \microtypecontext on input line 2053.
LaTeX Info: Redefining \textmicrotypecontext on input line 2070.
\MT@listname@count=\count313

(C:\Users\Mohammed Al-Emara\AppData\Local\Programs\MiKTeX\tex/latex/microtype\m
icrotype-xetex.def
File: microtype-xetex.def 2026/03/01 v3.2d Definitions specific to xetex (RS)
LaTeX Info: Redefining \lsstyle on input line 443.
LaTeX Info: Redefining \lslig on input line 451.
\MT@outer@space=\skip54
)
Package microtype Info: Loading configuration file microtype.cfg.

(C:\Users\Mohammed Al-Emara\AppData\Local\Programs\MiKTeX\tex/latex/microtype\m
icrotype.cfg
File: microtype.cfg 2026/03/01 v3.2d microtype main configuration file (RS)
)
LaTeX Info: Redefining \microtypesetup on input line 3065.
)
(C:\Users\Mohammed Al-Emara\AppData\Local\Programs\MiKTeX\tex/latex/parskip\par
skip.sty
Package: parskip 2021-03-14 v2.0h non-zero parskip adjustments

(C:\Users\Mohammed Al-Emara\AppData\Local\Programs\MiKTeX\tex/latex/kvoptions\k
voptions.sty
Package: kvoptions 2022-06-15 v3.15 Key value format for package options (HO)

(C:\Users\Mohammed Al-Emara\AppData\Local\Programs\MiKTeX\tex/generic/ltxcmds\l
txcmds.sty
Package: ltxcmds 2023-12-04 v1.26 LaTeX kernel commands for general use (HO)
)
(C:\Users\Mohammed Al-Emara\AppData\Local\Programs\MiKTeX\tex/latex/kvsetkeys\k
vsetkeys.sty
Package: kvsetkeys 2022-10-05 v1.19 Key value parser (HO)
)))
(C:\Users\Mohammed Al-Emara\AppData\Local\Programs\MiKTeX\tex/latex/graphics\gr
aphicx.sty
Package: graphicx 2026-05-17 v1.2e Enhanced LaTeX Graphics (DPC,SPQR)

(C:\Users\Mohammed Al-Emara\AppData\Local\Programs\MiKTeX\tex/latex/graphics\gr
aphics.sty
Package: graphics 2026-05-17 v1.4h Standard LaTeX Graphics (DPC,SPQR)

(C:\Users\Mohammed Al-Emara\AppData\Local\Programs\MiKTeX\tex/latex/graphics\tr
ig.sty
Package: trig 2023/12/02 v1.11 sin cos tan (DPC)
)
(C:\Users\Mohammed Al-Emara\AppData\Local\Programs\MiKTeX\tex/latex/graphics-cf
g\graphics.cfg
File: graphics.cfg 2016/06/04 v1.11 sample graphics configuration
)
Package graphics Info: Driver file: xetex.def on input line 106.
)
\Gin@req@height=\dimen164
\Gin@req@width=\dimen165
)
\pandoc@box=\box56

(C:\Users\Mohammed Al-Emara\AppData\Local\Programs\MiKTeX\tex/latex/pgf/fronten
dlayer\tikz.sty
(C:\Users\Mohammed Al-Emara\AppData\Local\Programs\MiKTeX\tex/latex/pgf/basicla
yer\pgf.sty
(C:\Users\Mohammed Al-Emara\AppData\Local\Programs\MiKTeX\tex/latex/pgf/utiliti
es\pgfrcs.sty
(C:\Users\Mohammed Al-Emara\AppData\Local\Programs\MiKTeX\tex/generic/pgf/utili
ties\pgfutil-common.tex
\pgfutil@everybye=\toks25
\pgfutil@tempdima=\dimen166
\pgfutil@tempdimb=\dimen167
)
(C:\Users\Mohammed Al-Emara\AppData\Local\Programs\MiKTeX\tex/generic/pgf/utili
ties\pgfutil-latex.def
\pgfutil@abb=\box57
)
(C:\Users\Mohammed Al-Emara\AppData\Local\Programs\MiKTeX\tex/generic/pgf/utili
ties\pgfrcs.code.tex
(C:\Users\Mohammed Al-Emara\AppData\Local\Programs\MiKTeX\tex/generic/pgf\pgf.r
evision.tex)
Package: pgfrcs 2025-08-29 v3.1.11a (3.1.11a)
))
Package: pgf 2025-08-29 v3.1.11a (3.1.11a)

(C:\Users\Mohammed Al-Emara\AppData\Local\Programs\MiKTeX\tex/latex/pgf/basicla
yer\pgfcore.sty
(C:\Users\Mohammed Al-Emara\AppData\Local\Programs\MiKTeX\tex/latex/pgf/systeml
ayer\pgfsys.sty
(C:\Users\Mohammed Al-Emara\AppData\Local\Programs\MiKTeX\tex/generic/pgf/syste
mlayer\pgfsys.code.tex
Package: pgfsys 2025-08-29 v3.1.11a (3.1.11a)

(C:\Users\Mohammed Al-Emara\AppData\Local\Programs\MiKTeX\tex/generic/pgf/utili
ties\pgfkeys.code.tex
\pgfkeys@pathtoks=\toks26
\pgfkeys@temptoks=\toks27

(C:\Users\Mohammed Al-Emara\AppData\Local\Programs\MiKTeX\tex/generic/pgf/utili
ties\pgfkeyslibraryfiltered.code.tex
\pgfkeys@tmptoks=\toks28
))
\pgf@x=\dimen168
\pgf@y=\dimen169
\pgf@xa=\dimen170
\pgf@ya=\dimen171
\pgf@xb=\dimen172
\pgf@yb=\dimen173
\pgf@xc=\dimen174
\pgf@yc=\dimen175
\pgf@xd=\dimen176
\pgf@yd=\dimen177
\w@pgf@writea=\write3
\r@pgf@reada=\read2
\c@pgf@counta=\count314
\c@pgf@countb=\count315
\c@pgf@countc=\count316
\c@pgf@countd=\count317
\t@pgf@toka=\toks29
\t@pgf@tokb=\toks30
\t@pgf@tokc=\toks31
\pgf@sys@id@count=\count318

(C:\Users\Mohammed Al-Emara\AppData\Local\Programs\MiKTeX\tex/generic/pgf/syste
mlayer\pgf.cfg
File: pgf.cfg 2025-08-29 v3.1.11a (3.1.11a)
)
Driver file for pgf: pgfsys-xetex.def

(C:\Users\Mohammed Al-Emara\AppData\Local\Programs\MiKTeX\tex/generic/pgf/syste
mlayer\pgfsys-xetex.def
File: pgfsys-xetex.def 2025-08-29 v3.1.11a (3.1.11a)

(C:\Users\Mohammed Al-Emara\AppData\Local\Programs\MiKTeX\tex/generic/pgf/syste
mlayer\pgfsys-dvipdfmx.def
File: pgfsys-dvipdfmx.def 2025-08-29 v3.1.11a (3.1.11a)

(C:\Users\Mohammed Al-Emara\AppData\Local\Programs\MiKTeX\tex/generic/pgf/syste
mlayer\pgfsys-common-pdf.def
File: pgfsys-common-pdf.def 2025-08-29 v3.1.11a (3.1.11a)
)
\pgfsys@objnum=\count319
)))
(C:\Users\Mohammed Al-Emara\AppData\Local\Programs\MiKTeX\tex/generic/pgf/syste
mlayer\pgfsyssoftpath.code.tex
File: pgfsyssoftpath.code.tex 2025-08-29 v3.1.11a (3.1.11a)
\pgfsyssoftpath@smallbuffer@items=\count320
\pgfsyssoftpath@bigbuffer@items=\count321
)
(C:\Users\Mohammed Al-Emara\AppData\Local\Programs\MiKTeX\tex/generic/pgf/syste
mlayer\pgfsysprotocol.code.tex
File: pgfsysprotocol.code.tex 2025-08-29 v3.1.11a (3.1.11a)
))
(C:\Users\Mohammed Al-Emara\AppData\Local\Programs\MiKTeX\tex/generic/pgf/basic
layer\pgfcore.code.tex
Package: pgfcore 2025-08-29 v3.1.11a (3.1.11a)

(C:\Users\Mohammed Al-Emara\AppData\Local\Programs\MiKTeX\tex/generic/pgf/math\
pgfmath.code.tex
(C:\Users\Mohammed Al-Emara\AppData\Local\Programs\MiKTeX\tex/generic/pgf/math\
pgfmathutil.code.tex)
(C:\Users\Mohammed Al-Emara\AppData\Local\Programs\MiKTeX\tex/generic/pgf/math\
pgfmathparser.code.tex
\pgfmath@dimen=\dimen178
\pgfmath@count=\count322
\pgfmath@box=\box58
\pgfmath@toks=\toks32
\pgfmath@stack@operand=\toks33
\pgfmath@stack@operation=\toks34
)
(C:\Users\Mohammed Al-Emara\AppData\Local\Programs\MiKTeX\tex/generic/pgf/math\
pgfmathfunctions.code.tex)
(C:\Users\Mohammed Al-Emara\AppData\Local\Programs\MiKTeX\tex/generic/pgf/math\
pgfmathfunctions.basic.code.tex)
(C:\Users\Mohammed Al-Emara\AppData\Local\Programs\MiKTeX\tex/generic/pgf/math\
pgfmathfunctions.trigonometric.code.tex)
(C:\Users\Mohammed Al-Emara\AppData\Local\Programs\MiKTeX\tex/generic/pgf/math\
pgfmathfunctions.random.code.tex)
(C:\Users\Mohammed Al-Emara\AppData\Local\Programs\MiKTeX\tex/generic/pgf/math\
pgfmathfunctions.comparison.code.tex)
(C:\Users\Mohammed Al-Emara\AppData\Local\Programs\MiKTeX\tex/generic/pgf/math\
pgfmathfunctions.base.code.tex)
(C:\Users\Mohammed Al-Emara\AppData\Local\Programs\MiKTeX\tex/generic/pgf/math\
pgfmathfunctions.round.code.tex)
(C:\Users\Mohammed Al-Emara\AppData\Local\Programs\MiKTeX\tex/generic/pgf/math\
pgfmathfunctions.misc.code.tex)
(C:\Users\Mohammed Al-Emara\AppData\Local\Programs\MiKTeX\tex/generic/pgf/math\
pgfmathfunctions.integerarithmetics.code.tex)
(C:\Users\Mohammed Al-Emara\AppData\Local\Programs\MiKTeX\tex/generic/pgf/math\
pgfmathcalc.code.tex)
(C:\Users\Mohammed Al-Emara\AppData\Local\Programs\MiKTeX\tex/generic/pgf/math\
pgfmathfloat.code.tex
\c@pgfmathroundto@lastzeros=\count323
))
(C:\Users\Mohammed Al-Emara\AppData\Local\Programs\MiKTeX\tex/generic/pgf/math\
pgfint.code.tex)
(C:\Users\Mohammed Al-Emara\AppData\Local\Programs\MiKTeX\tex/generic/pgf/basic
layer\pgfcorepoints.code.tex
File: pgfcorepoints.code.tex 2025-08-29 v3.1.11a (3.1.11a)
\pgf@picminx=\dimen179
\pgf@picmaxx=\dimen180
\pgf@picminy=\dimen181
\pgf@picmaxy=\dimen182
\pgf@pathminx=\dimen183
\pgf@pathmaxx=\dimen184
\pgf@pathminy=\dimen185
\pgf@pathmaxy=\dimen186
\pgf@xx=\dimen187
\pgf@xy=\dimen188
\pgf@yx=\dimen189
\pgf@yy=\dimen190
\pgf@zx=\dimen191
\pgf@zy=\dimen192
)
(C:\Users\Mohammed Al-Emara\AppData\Local\Programs\MiKTeX\tex/generic/pgf/basic
layer\pgfcorepathconstruct.code.tex
File: pgfcorepathconstruct.code.tex 2025-08-29 v3.1.11a (3.1.11a)
\pgf@path@lastx=\dimen193
\pgf@path@lasty=\dimen194
)
(C:\Users\Mohammed Al-Emara\AppData\Local\Programs\MiKTeX\tex/generic/pgf/basic
layer\pgfcorepathusage.code.tex
File: pgfcorepathusage.code.tex 2025-08-29 v3.1.11a (3.1.11a)
\pgf@shorten@end@additional=\dimen195
\pgf@shorten@start@additional=\dimen196
)
(C:\Users\Mohammed Al-Emara\AppData\Local\Programs\MiKTeX\tex/generic/pgf/basic
layer\pgfcorescopes.code.tex
File: pgfcorescopes.code.tex 2025-08-29 v3.1.11a (3.1.11a)
\pgfpic=\box59
\pgf@hbox=\box60
\pgf@layerbox@main=\box61
\pgf@picture@serial@count=\count324
)
(C:\Users\Mohammed Al-Emara\AppData\Local\Programs\MiKTeX\tex/generic/pgf/basic
layer\pgfcoregraphicstate.code.tex
File: pgfcoregraphicstate.code.tex 2025-08-29 v3.1.11a (3.1.11a)
\pgflinewidth=\dimen197
)
(C:\Users\Mohammed Al-Emara\AppData\Local\Programs\MiKTeX\tex/generic/pgf/basic
layer\pgfcoretransformations.code.tex
File: pgfcoretransformations.code.tex 2025-08-29 v3.1.11a (3.1.11a)
\pgf@pt@x=\dimen198
\pgf@pt@y=\dimen199
\pgf@pt@temp=\dimen256
)
(C:\Users\Mohammed Al-Emara\AppData\Local\Programs\MiKTeX\tex/generic/pgf/basic
layer\pgfcorequick.code.tex
File: pgfcorequick.code.tex 2025-08-29 v3.1.11a (3.1.11a)
)
(C:\Users\Mohammed Al-Emara\AppData\Local\Programs\MiKTeX\tex/generic/pgf/basic
layer\pgfcoreobjects.code.tex
File: pgfcoreobjects.code.tex 2025-08-29 v3.1.11a (3.1.11a)
)
(C:\Users\Mohammed Al-Emara\AppData\Local\Programs\MiKTeX\tex/generic/pgf/basic
layer\pgfcorepathprocessing.code.tex
File: pgfcorepathprocessing.code.tex 2025-08-29 v3.1.11a (3.1.11a)
)
(C:\Users\Mohammed Al-Emara\AppData\Local\Programs\MiKTeX\tex/generic/pgf/basic
layer\pgfcorearrows.code.tex
File: pgfcorearrows.code.tex 2025-08-29 v3.1.11a (3.1.11a)
\pgfarrowsep=\dimen257
)
(C:\Users\Mohammed Al-Emara\AppData\Local\Programs\MiKTeX\tex/generic/pgf/basic
layer\pgfcoreshade.code.tex
File: pgfcoreshade.code.tex 2025-08-29 v3.1.11a (3.1.11a)
\pgf@max=\dimen258
\pgf@sys@shading@range@num=\count325
\pgf@shadingcount=\count326
)
(C:\Users\Mohammed Al-Emara\AppData\Local\Programs\MiKTeX\tex/generic/pgf/basic
layer\pgfcoreimage.code.tex
File: pgfcoreimage.code.tex 2025-08-29 v3.1.11a (3.1.11a)
)
(C:\Users\Mohammed Al-Emara\AppData\Local\Programs\MiKTeX\tex/generic/pgf/basic
layer\pgfcoreexternal.code.tex
File: pgfcoreexternal.code.tex 2025-08-29 v3.1.11a (3.1.11a)
\pgfexternal@startupbox=\box62
)
(C:\Users\Mohammed Al-Emara\AppData\Local\Programs\MiKTeX\tex/generic/pgf/basic
layer\pgfcorelayers.code.tex
File: pgfcorelayers.code.tex 2025-08-29 v3.1.11a (3.1.11a)
)
(C:\Users\Mohammed Al-Emara\AppData\Local\Programs\MiKTeX\tex/generic/pgf/basic
layer\pgfcoretransparency.code.tex
File: pgfcoretransparency.code.tex 2025-08-29 v3.1.11a (3.1.11a)
)
(C:\Users\Mohammed Al-Emara\AppData\Local\Programs\MiKTeX\tex/generic/pgf/basic
layer\pgfcorepatterns.code.tex
File: pgfcorepatterns.code.tex 2025-08-29 v3.1.11a (3.1.11a)
)
(C:\Users\Mohammed Al-Emara\AppData\Local\Programs\MiKTeX\tex/generic/pgf/basic
layer\pgfcorerdf.code.tex
File: pgfcorerdf.code.tex 2025-08-29 v3.1.11a (3.1.11a)
)))
(C:\Users\Mohammed Al-Emara\AppData\Local\Programs\MiKTeX\tex/generic/pgf/modul
es\pgfmoduleshapes.code.tex
File: pgfmoduleshapes.code.tex 2025-08-29 v3.1.11a (3.1.11a)
\pgfnodeparttextbox=\box63
)
(C:\Users\Mohammed Al-Emara\AppData\Local\Programs\MiKTeX\tex/generic/pgf/modul
es\pgfmoduleplot.code.tex
File: pgfmoduleplot.code.tex 2025-08-29 v3.1.11a (3.1.11a)
)
(C:\Users\Mohammed Al-Emara\AppData\Local\Programs\MiKTeX\tex/latex/pgf/compati
bility\pgfcomp-version-0-65.sty
Package: pgfcomp-version-0-65 2025-08-29 v3.1.11a (3.1.11a)
\pgf@nodesepstart=\dimen259
\pgf@nodesepend=\dimen260
)
(C:\Users\Mohammed Al-Emara\AppData\Local\Programs\MiKTeX\tex/latex/pgf/compati
bility\pgfcomp-version-1-18.sty
Package: pgfcomp-version-1-18 2025-08-29 v3.1.11a (3.1.11a)
))
(C:\Users\Mohammed Al-Emara\AppData\Local\Programs\MiKTeX\tex/latex/pgf/utiliti
es\pgffor.sty
(C:\Users\Mohammed Al-Emara\AppData\Local\Programs\MiKTeX\tex/latex/pgf/utiliti
es\pgfkeys.sty
(C:\Users\Mohammed Al-Emara\AppData\Local\Programs\MiKTeX\tex/generic/pgf/utili
ties\pgfkeys.code.tex))
(C:\Users\Mohammed Al-Emara\AppData\Local\Programs\MiKTeX\tex/latex/pgf/math\pg
fmath.sty
(C:\Users\Mohammed Al-Emara\AppData\Local\Programs\MiKTeX\tex/generic/pgf/math\
pgfmath.code.tex))
(C:\Users\Mohammed Al-Emara\AppData\Local\Programs\MiKTeX\tex/generic/pgf/utili
ties\pgffor.code.tex
Package: pgffor 2025-08-29 v3.1.11a (3.1.11a)
\pgffor@iter=\dimen261
\pgffor@skip=\dimen262
\pgffor@stack=\toks35
\pgffor@toks=\toks36
))
(C:\Users\Mohammed Al-Emara\AppData\Local\Programs\MiKTeX\tex/generic/pgf/front
endlayer/tikz\tikz.code.tex
Package: tikz 2025-08-29 v3.1.11a (3.1.11a)

(C:\Users\Mohammed Al-Emara\AppData\Local\Programs\MiKTeX\tex/generic/pgf/libra
ries\pgflibraryplothandlers.code.tex
File: pgflibraryplothandlers.code.tex 2025-08-29 v3.1.11a (3.1.11a)
\pgf@plot@mark@count=\count327
\pgfplotmarksize=\dimen263
)
\tikz@lastx=\dimen264
\tikz@lasty=\dimen265
\tikz@lastxsaved=\dimen266
\tikz@lastysaved=\dimen267
\tikz@lastmovetox=\dimen268
\tikz@lastmovetoy=\dimen269
\tikzleveldistance=\dimen270
\tikzsiblingdistance=\dimen271
\tikz@figbox=\box64
\tikz@figbox@bg=\box65
\tikz@tempbox=\box66
\tikz@tempbox@bg=\box67
\tikztreelevel=\count328
\tikznumberofchildren=\count329
\tikznumberofcurrentchild=\count330
\tikz@fig@count=\count331

(C:\Users\Mohammed Al-Emara\AppData\Local\Programs\MiKTeX\tex/generic/pgf/modul
es\pgfmodulematrix.code.tex
File: pgfmodulematrix.code.tex 2025-08-29 v3.1.11a (3.1.11a)
\pgfmatrixcurrentrow=\count332
\pgfmatrixcurrentcolumn=\count333
\pgf@matrix@numberofcolumns=\count334
)
\tikz@expandcount=\count335

(C:\Users\Mohammed Al-Emara\AppData\Local\Programs\MiKTeX\tex/generic/pgf/front
endlayer/tikz/libraries\tikzlibrarytopaths.code.tex
File: tikzlibrarytopaths.code.tex 2025-08-29 v3.1.11a (3.1.11a)
)))
(C:\Users\Mohammed Al-Emara\AppData\Local\Programs\MiKTeX\tex/generic/pgf/front
endlayer/tikz/libraries\tikzlibrarycalc.code.tex
File: tikzlibrarycalc.code.tex 2025-08-29 v3.1.11a (3.1.11a)
)
(C:\Users\Mohammed Al-Emara\AppData\Local\Programs\MiKTeX\tex/latex/geometry\ge
ometry.sty
Package: geometry 2026/03/07 v6.0 Page Geometry

(C:\Users\Mohammed Al-Emara\AppData\Local\Programs\MiKTeX\tex/generic/iftex\ifv
tex.sty
Package: ifvtex 2019/10/25 v1.7 ifvtex legacy package. Use iftex instead.
)
\Gm@cnth=\count336
\Gm@cntv=\count337
\c@Gm@tempcnt=\count338
\Gm@bindingoffset=\dimen272
\Gm@wd@mp=\dimen273
\Gm@odd@mp=\dimen274
\Gm@even@mp=\dimen275
\Gm@layoutwidth=\dimen276
\Gm@layoutheight=\dimen277
\Gm@layouthoffset=\dimen278
\Gm@layoutvoffset=\dimen279
\Gm@dimlist=\toks37

(C:\Users\Mohammed Al-Emara\AppData\Local\Programs\MiKTeX\tex/latex/geometry\ge
ometry.cfg))
(C:\Users\Mohammed Al-Emara\AppData\Local\Programs\MiKTeX\tex/latex/tools\array
.sty
Package: array 2026/02/24 v2.7b Tabular extension package (FMi)
\col@sep=\dimen280
\ar@mcellbox=\box68
\extrarowheight=\dimen281
\NC@list=\toks38
\extratabsurround=\skip55
\backup@length=\skip56
\ar@cellbox=\box69
)
(C:\Users\Mohammed Al-Emara\AppData\Local\Programs\MiKTeX\tex/latex/tools\tabul
arx.sty
Package: tabularx 2023/12/11 v2.12a `tabularx' package (DPC)
\TX@col@width=\dimen282
\TX@old@table=\dimen283
\TX@old@col=\dimen284
\TX@target=\dimen285
\TX@delta=\dimen286
\TX@cols=\count339
\TX@ftn=\toks39
)
(C:\Users\Mohammed Al-Emara\AppData\Local\Programs\MiKTeX\tex/latex/float\float
.sty
Package: float 2001/11/08 v1.3d Float enhancements (AL)
\c@float@type=\count340
\float@exts=\toks40
\float@box=\box70
\@float@everytoks=\toks41
\@floatcapt=\box71
)
(C:\Users\Mohammed Al-Emara\AppData\Local\Programs\MiKTeX\tex/latex/booktabs\bo
oktabs.sty
Package: booktabs 2020/01/12 v1.61803398 Publication quality tables
\heavyrulewidth=\dimen287
\lightrulewidth=\dimen288
\cmidrulewidth=\dimen289
\belowrulesep=\dimen290
\belowbottomsep=\dimen291
\aboverulesep=\dimen292
\abovetopsep=\dimen293
\cmidrulesep=\dimen294
\cmidrulekern=\dimen295
\defaultaddspace=\dimen296
\@cmidla=\count341
\@cmidlb=\count342
\@aboverulesep=\dimen297
\@belowrulesep=\dimen298
\@thisruleclass=\count343
\@lastruleclass=\count344
\@thisrulewidth=\dimen299
)
(C:\Users\Mohammed Al-Emara\AppData\Local\Programs\MiKTeX\tex/latex/multirow\mu
ltirow.sty
Package: multirow 2024/11/12 v2.9 Span multiple rows of a table
\multirow@colwidth=\skip57
\multirow@cntb=\count345
\multirow@dima=\skip58
\bigstrutjot=\dimen300
)
(C:\Users\Mohammed Al-Emara\AppData\Local\Programs\MiKTeX\tex/latex/tools\longt
able.sty
Package: longtable 2026-01-28 v4.27 Multi-page Table package (DPC)
\LTleft=\skip59
\LTright=\skip60
\LTpre=\skip61
\LTpost=\skip62
\LTchunksize=\count346
\LTcapwidth=\dimen301
\LT@head=\box72
\LT@firsthead=\box73
\LT@foot=\box74
\LT@lastfoot=\box75
\LT@gbox=\box76
\LT@cols=\count347
\LT@rows=\count348
\c@LT@tables=\count349
\c@LT@chunks=\count350
\LT@p@ftn=\toks42
)
(C:\Users\Mohammed Al-Emara\AppData\Local\Programs\MiKTeX\tex/latex/graphics\ls
cape.sty
Package: lscape 2020/05/28 v3.02 Landscape Pages (DPC)
)
(C:\Users\Mohammed Al-Emara\AppData\Local\Programs\MiKTeX\tex/latex/graphics\ro
tating.sty
Package: rotating 2026-05-17 v2.16e rotated objects in LaTeX

(C:\Users\Mohammed Al-Emara\AppData\Local\Programs\MiKTeX\tex/latex/base\ifthen
.sty
Package: ifthen 2024/03/16 v1.1e Standard LaTeX ifthen package (DPC)
)
\c@r@tfl@t=\count351
\rotFPtop=\skip63
\rotFPbot=\skip64
\rot@float@box=\box77
\rot@mess@toks=\toks43
)
(C:\Users\Mohammed Al-Emara\AppData\Local\Programs\MiKTeX\tex/latex/tabularray\
tabularray.sty
Package: tabularray 2025-11-27 v2025C Typeset tabulars and arrays with LaTeX3

(C:\Users\Mohammed Al-Emara\AppData\Local\Programs\MiKTeX\tex/latex/ninecolors\
ninecolors.sty
Package: ninecolors 2022-02-13 v2022D Select colors with proper color contrast
)
\g__tblr_nohyper_int=\count352
\l__tblr_a_int=\count353
\l__tblr_c_int=\count354
\l__tblr_r_int=\count355
\l__tblr_d_dim=\dimen302
\l__tblr_h_dim=\dimen303
\l__tblr_o_dim=\dimen304
\l__tblr_p_dim=\dimen305
\l__tblr_q_dim=\dimen306
\l__tblr_r_dim=\dimen307
\l__tblr_s_dim=\dimen308
\l__tblr_t_dim=\dimen309
\l__tblr_v_dim=\dimen310
\l__tblr_w_dim=\dimen311
\l__tblr_a_box=\box78
\l__tblr_b_box=\box79
\l__tblr_c_box=\box80
\l__tblr_d_box=\box81
\c@tblrcount=\count356
\c@rownum=\count357
\c@colnum=\count358
\c@rowcount=\count359
\c@colcount=\count360
\abovesep=\dimen312
\belowsep=\dimen313
\leftsep=\dimen314
\rightsep=\dimen315
\gTblrLevelInt=\count361
\g__tblr_data_row_key_count_int=\count362
\g__tblr_data_column_key_count_int=\count363
\g__tblr_data_cell_key_count_int=\count364
\g__tblr_array_int=\count365
\l__tblr_key_count_int=\count366
\l__tblr_key_quotient_int=\count367
\l__tblr_key_quotient_two_int=\count368
\l__tblr_key_remainder_int=\count369
\g__tblr_data_str_value_count_int=\count370
\lTblrChildTotalInt=\count371
\lTblrChildHtotalInt=\count372
\lTblrChildVtotalInt=\count373
\l__child_diff_h_int=\count374
\l__child_diff_v_int=\count375
\l__child_sign_h_int=\count376
\l__child_sign_v_int=\count377
\l__child_step_int=\count378
\lTblrDefaultHruleWidthDim=\dimen316
\lTblrDefaultVruleWidthDim=\dimen317
\l__tblr_split_balance_int=\count379
\l__tblr_strut_dp_dim=\dimen318
\l__tblr_strut_ht_dim=\dimen319
\g__tblr_cell_wd_dim=\dimen320
\g__tblr_cell_ht_dim=\dimen321
\g__tblr_cell_head_dim=\dimen322
\g__tblr_cell_foot_dim=\dimen323
\l__tblr_measured_cell_box=\box82
\g__tblr_last_box=\box83
\l__tblr_temp_box=\box84
\l__tblr_column_target_dim=\dimen324
\l__tblr_hfuzz_dim=\dimen325
\l__tblr_caption_box=\box85
\l__tblr_caption_left_box=\box86
\lTblrRowHeadInt=\count380
\lTblrRowFootInt=\count381
\l__tblr_row_head_box=\box87
\l__tblr_row_foot_box=\box88
\l__tblr_row_head_foot_dim=\dimen326
\lTblrTableWidthDim=\dimen327
\l__tblr_table_firsthead_box=\box89
\l__tblr_table_middlehead_box=\box90
\l__tblr_table_lasthead_box=\box91
\l__tblr_table_firstfoot_box=\box92
\l__tblr_table_middlefoot_box=\box93
\l__tblr_table_lastfoot_box=\box94
\l__tblr_remain_height_dim=\dimen328
\l__tblr_next_rows_dim=\dimen329
\l__tblr_page_overfill_dim=\dimen330
\l__tblr_long_from_int=\count382
\l__tblr_long_to_int=\count383
\l__tblr_curr_i_int=\count384
\l__tblr_prev_i_int=\count385
\lTblrTablePageInt=\count386
\l__tblr_table_head_box=\box95
\l__tblr_table_foot_box=\box96
\l__tblr_table_head_foot_dim=\dimen331
\l__tblr_table_head_body_foot_dim=\dimen332
\l__tblr_table_box=\box97
\lTblrRowFirstInt=\count387
\lTblrRowLastInt=\count388
\l__tblr_cover_box_a_dim=\dimen333
\l__tblr_cover_box_b_dim=\dimen334
\l__tblr_table_hlines_box=\box98
\l__tblr_hline_box=\box99
\l__tblr_row_box=\box100
\l__tblr_col_o_wd_dim=\dimen335
\l__tblr_col_b_wd_dim=\dimen336
\l__tblr_hline_leftskip_dim=\dimen337
\l__tblr_hline_rightskip_dim=\dimen338
\l__tblr_row_ht_dim=\dimen339
\l__tblr_row_dp_dim=\dimen340
\l__tblr_row_abovesep_dim=\dimen341
\l__tblr_row_belowsep_dim=\dimen342
\l__tblr_row_vlines_box=\box101
\l__tblr_vline_box=\box102
\l__tblr_cell_box=\box103
\l__tblr_row_upper_dim=\dimen343
\l__tblr_row_lower_dim=\dimen344
\l__tblr_row_vpace_dim=\dimen345
\l__tblr_vline_aboveskip_dim=\dimen346
\l__tblr_vline_belowskip_dim=\dimen347
\lTblrCellRowSpanInt=\count389
\lTblrCellColSpanInt=\count390
\l__tblr_cell_wd_dim=\dimen348
\l__tblr_cell_ht_dim=\dimen349
\lTblrCellAboveBorderWidthDim=\dimen350
\lTblrCellBelowBorderWidthDim=\dimen351
\lTblrCellLeftBorderWidthDim=\dimen352
\lTblrCellRightBorderWidthDim=\dimen353
\l__tblr_diag_box=\box104
\l__tblr_cell_inner_wd_dim=\dimen354
\l__tblr_cell_inner_dp_dim=\dimen355
\l__tblr_cell_hanchor_dim=\dimen356
\l__tblr_last_cell_table_ht_dim=\dimen357
\l__tblr_last_cell_table_dp_dim=\dimen358
\l__tblr_last_vline_wd_dim=\dimen359
\l__tblr_tikz_node_box=\box105
)
(C:\Users\Mohammed Al-Emara\AppData\Local\Programs\MiKTeX\tex/latex/caption\cap
tion.sty
Package: caption 2023/08/05 v3.6o Customizing captions (AR)

(C:\Users\Mohammed Al-Emara\AppData\Local\Programs\MiKTeX\tex/latex/caption\cap
tion3.sty
Package: caption3 2023/07/31 v2.4d caption3 kernel (AR)
\caption@tempdima=\dimen360
\captionmargin=\dimen361
\caption@leftmargin=\dimen362
\caption@rightmargin=\dimen363
\caption@width=\dimen364
\caption@indent=\dimen365
\caption@parindent=\dimen366
\caption@hangindent=\dimen367
Package caption Info: Standard document class detected.
)
\c@caption@flags=\count391
\c@continuedfloat=\count392
Package caption Info: float package is loaded.
Package caption Info: longtable package is loaded.

(C:\Users\Mohammed Al-Emara\AppData\Local\Programs\MiKTeX\tex/latex/caption\ltc
aption.sty
Package: ltcaption 2021/01/08 v1.4c longtable captions (AR)
)
Package caption Info: rotating package is loaded.
)
(C:\Users\Mohammed Al-Emara\AppData\Local\Programs\MiKTeX\tex/latex/adjustbox\a
djustbox.sty
Package: adjustbox 2025/02/26 v1.3c Adjusting TeX boxes (trim, clip, ...)

(C:\Users\Mohammed Al-Emara\AppData\Local\Programs\MiKTeX\tex/latex/xkeyval\xke
yval.sty
Package: xkeyval 2022/06/16 v2.9 package option processing (HA)

(C:\Users\Mohammed Al-Emara\AppData\Local\Programs\MiKTeX\tex/generic/xkeyval\x
keyval.tex
(C:\Users\Mohammed Al-Emara\AppData\Local\Programs\MiKTeX\tex/generic/xkeyval\x
kvutils.tex
\XKV@toks=\toks44
\XKV@tempa@toks=\toks45
)
\XKV@depth=\count393
File: xkeyval.tex 2014/12/03 v2.7a key=value parser (HA)
))
(C:\Users\Mohammed Al-Emara\AppData\Local\Programs\MiKTeX\tex/latex/adjustbox\a
djcalc.sty
Package: adjcalc 2012/05/16 v1.1 Provides advanced setlength with multiple back
-ends (calc, etex, pgfmath)
)
(C:\Users\Mohammed Al-Emara\AppData\Local\Programs\MiKTeX\tex/latex/adjustbox\t
rimclip.sty
Package: trimclip 2025/02/21 v1.2a Trim and clip general TeX material

(C:\Users\Mohammed Al-Emara\AppData\Local\Programs\MiKTeX\tex/latex/collectbox\
collectbox.sty
Package: collectbox 2022/10/17 v0.4c Collect macro arguments as boxes
\collectedbox=\box106
)
\tc@llx=\dimen368
\tc@lly=\dimen369
\tc@urx=\dimen370
\tc@ury=\dimen371
Package trimclip Info: Using driver 'tc-xetex.def'.

(C:\Users\Mohammed Al-Emara\AppData\Local\Programs\MiKTeX\tex/latex/adjustbox\t
c-xetex.def
File: tc-xetex.def 2019/01/04 v2.2 Clipping driver for xetex
))
\adjbox@Width=\dimen372
\adjbox@Height=\dimen373
\adjbox@Depth=\dimen374
\adjbox@Totalheight=\dimen375
\adjbox@pwidth=\dimen376
\adjbox@pheight=\dimen377
\adjbox@pdepth=\dimen378
\adjbox@ptotalheight=\dimen379

(C:\Users\Mohammed Al-Emara\AppData\Local\Programs\MiKTeX\tex/latex/ifoddpage\i
foddpage.sty
Package: ifoddpage 2022/10/18 v1.2 Conditionals for odd/even page detection
\c@checkoddpage=\count394
)
(C:\Users\Mohammed Al-Emara\AppData\Local\Programs\MiKTeX\tex/latex/varwidth\va
rwidth.sty
Package: varwidth 2009/03/30 ver 0.92;  Variable-width minipages
\@vwid@box=\box107
\sift@deathcycles=\count395
\@vwid@loff=\dimen380
\@vwid@roff=\dimen381
)
==> First Aid for varwidth.sty applied!
)
(C:\Users\Mohammed Al-Emara\AppData\Local\Programs\MiKTeX\tex/latex/tcolorbox\t
colorbox.sty
Package: tcolorbox 2026/05/28 version 6.10.0 text color boxes

(C:\Users\Mohammed Al-Emara\AppData\Local\Programs\MiKTeX\tex/latex/tools\verba
tim.sty
Package: verbatim 2024-01-22 v1.5x LaTeX2e package for verbatim enhancements
\every@verbatim=\toks46
\verbatim@line=\toks47
\verbatim@in@stream=\read3
)
(C:\Users\Mohammed Al-Emara\AppData\Local\Programs\MiKTeX\tex/latex/environ\env
iron.sty
Package: environ 2014/05/04 v0.3 A new way to define environments

(C:\Users\Mohammed Al-Emara\AppData\Local\Programs\MiKTeX\tex/latex/trimspaces\
trimspaces.sty
Package: trimspaces 2009/09/17 v1.1 Trim spaces around a token list
))
\tcb@titlebox=\box108
\tcb@upperbox=\box109
\tcb@lowerbox=\box110
\tcb@phantombox=\box111
\c@tcbbreakpart=\count396
\c@tcblayer=\count397
\c@tcolorbox@number=\count398
\l__tcobox_tmpa_box=\box112
\l__tcobox_tmpa_dim=\dimen382
\tcb@temp=\box113
\tcb@temp=\box114
\tcb@temp=\box115
\tcb@temp=\box116

(C:\Users\Mohammed Al-Emara\AppData\Local\Programs\MiKTeX\tex/latex/tcolorbox\t
cbraster.code.tex
Library (tcolorbox): 'tcbraster.code.tex' version '6.10.0'
\c@tcbrastercolumn=\count399
\c@tcbrasterrow=\count400
\c@tcbrasternum=\count401
\c@tcbraster=\count402
)
(C:\Users\Mohammed Al-Emara\AppData\Local\Programs\MiKTeX\tex/latex/tcolorbox\t
cbskins.code.tex
Library (tcolorbox): 'tcbskins.code.tex' version '6.10.0'

(C:\Users\Mohammed Al-Emara\AppData\Local\Programs\MiKTeX\tex/latex/tikzfill\ti
kzfill.image.sty
Package: tikzfill.image 2026/04/23 v1.2.0 Image filling library for TikZ

(C:\Users\Mohammed Al-Emara\AppData\Local\Programs\MiKTeX\tex/latex/tikzfill\ti
kzlibraryfill.image.code.tex
File: tikzlibraryfill.image.code.tex 2026/04/23 v1.2.0 Image filling library
\l__tikzfill_tmpa_dim=\dimen383
\l__tikzfill_tmpb_dim=\dimen384
\l__tikzfill_img_box=\box117
))
(C:\Users\Mohammed Al-Emara\AppData\Local\Programs\MiKTeX\tex/latex/tcolorbox\t
cbskinsjigsaw.code.tex
Library (tcolorbox): 'tcbskinsjigsaw.code.tex' version '6.10.0'
))
(C:\Users\Mohammed Al-Emara\AppData\Local\Programs\MiKTeX\tex/latex/tcolorbox\t
cbbreakable.code.tex
Library (tcolorbox): 'tcbbreakable.code.tex' version '6.10.0'

(C:\Users\Mohammed Al-Emara\AppData\Local\Programs\MiKTeX\tex/latex/pdfcol\pdfc
ol.sty
Package: pdfcol 2022-09-21 v1.7 Handle new color stacks for pdfTeX (HO)

(C:\Users\Mohammed Al-Emara\AppData\Local\Programs\MiKTeX\tex/generic/infwarerr
\infwarerr.sty
Package: infwarerr 2019/12/03 v1.5 Providing info/warning/error messages (HO)
)
Package pdfcol Info: Interface disabled because of missing PDF mode of pdfTeX.
)
Package pdfcol Info: pdfTeX's color stacks are not available.
\tcb@testbox=\box118
\tcb@totalupperbox=\box119
\tcb@totallowerbox=\box120
)
(C:\Users\Mohammed Al-Emara\AppData\Local\Programs\MiKTeX\tex/latex/tcolorbox\t
cbhooks.code.tex
Library (tcolorbox): 'tcbhooks.code.tex' version '6.10.0'
)
(C:\Users\Mohammed Al-Emara\AppData\Local\Programs\MiKTeX\tex/latex/tcolorbox\t
cbtheorems.code.tex
Library (tcolorbox): 'tcbtheorems.code.tex' version '6.10.0'
)
(C:\Users\Mohammed Al-Emara\AppData\Local\Programs\MiKTeX\tex/latex/tcolorbox\t
cbfitting.code.tex
Library (tcolorbox): 'tcbfitting.code.tex' version '6.10.0'
\tcbfitdim=\dimen385
\tcb@lowerfitdim=\dimen386
\tcb@upperfitdim=\dimen387
\tcb@cur@hbadness=\count403
)
(C:\Users\Mohammed Al-Emara\AppData\Local\Programs\MiKTeX\tex/latex/tcolorbox\t
cblistingsutf8.code.tex
Library (tcolorbox): 'tcblistingsutf8.code.tex' version '6.10.0'

(C:\Users\Mohammed Al-Emara\AppData\Local\Programs\MiKTeX\tex/latex/tcolorbox\t
cblistings.code.tex
Library (tcolorbox): 'tcblistings.code.tex' version '6.10.0'

(C:\Users\Mohammed Al-Emara\AppData\Local\Programs\MiKTeX\tex/latex/listings\li
stings.sty
\lst@mode=\count404
\lst@gtempboxa=\box121
\lst@token=\toks48
\lst@length=\count405
\lst@currlwidth=\dimen388
\lst@column=\count406
\lst@pos=\count407
\lst@lostspace=\dimen389
\lst@width=\dimen390
\lst@newlines=\count408
\lst@lineno=\count409
\lst@maxwidth=\dimen391

(C:\Users\Mohammed Al-Emara\AppData\Local\Programs\MiKTeX\tex/latex/listings\ls
tpatch.sty
File: lstpatch.sty 2025/11/14 1.11b (Carsten Heinz)
)
(C:\Users\Mohammed Al-Emara\AppData\Local\Programs\MiKTeX\tex/latex/listings\ls
tmisc.sty
File: lstmisc.sty 2025/11/14 1.11b (Carsten Heinz)
\c@lstnumber=\count410
\lst@skipnumbers=\count411
\lst@framebox=\box122
)
(C:\Users\Mohammed Al-Emara\AppData\Local\Programs\MiKTeX\tex/latex/listings\li
stings.cfg
File: listings.cfg 2025/11/14 1.11b listings configuration
))
Package: listings 2025/11/14 1.11b (Carsten Heinz)

(C:\Users\Mohammed Al-Emara\AppData\Local\Programs\MiKTeX\tex/latex/tcolorbox\t
cblistingscore.code.tex
Library (tcolorbox): 'tcblistingscore.code.tex' version '6.10.0'

(C:\Users\Mohammed Al-Emara\AppData\Local\Programs\MiKTeX\tex/latex/tcolorbox\t
cbprocessing.code.tex
Library (tcolorbox): 'tcbprocessing.code.tex' version '6.10.0'
)
\c@tcblisting=\count412
))
Package tcolorbox Info: Library `listingsutf8' is compatible with pdftex only. 
Library `listings` is loaded instead. on input line 29.
)
(C:\Users\Mohammed Al-Emara\AppData\Local\Programs\MiKTeX\tex/latex/tcolorbox\t
cbexternal.code.tex
Library (tcolorbox): 'tcbexternal.code.tex' version '6.10.0'
)
(C:\Users\Mohammed Al-Emara\AppData\Local\Programs\MiKTeX\tex/latex/tcolorbox\t
cbmagazine.code.tex
Library (tcolorbox): 'tcbmagazine.code.tex' version '6.10.0'
)
(C:\Users\Mohammed Al-Emara\AppData\Local\Programs\MiKTeX\tex/latex/tcolorbox\t
cbvignette.code.tex
Library (tcolorbox): 'tcbvignette.code.tex' version '6.10.0'

(C:\Users\Mohammed Al-Emara\AppData\Local\Programs\MiKTeX\tex/generic/pgf/front
endlayer/tikz/libraries\tikzlibraryfadings.code.tex
File: tikzlibraryfadings.code.tex 2025-08-29 v3.1.11a (3.1.11a)

(C:\Users\Mohammed Al-Emara\AppData\Local\Programs\MiKTeX\tex/generic/pgf/libra
ries\pgflibraryfadings.code.tex
File: pgflibraryfadings.code.tex 2025-08-29 v3.1.11a (3.1.11a)
)))
(C:\Users\Mohammed Al-Emara\AppData\Local\Programs\MiKTeX\tex/latex/tcolorbox\t
cbposter.code.tex
Library (tcolorbox): 'tcbposter.code.tex' version '6.10.0'
))
(C:\Users\Mohammed Al-Emara\AppData\Local\Programs\MiKTeX\tex/latex/polyglossia
\polyglossia.sty
Package: polyglossia 2026/04/18 v2.10 Modern multilingual typesetting with XeLa
TeX and LuaLaTeX
\l_xpg_alias_keyvals_int=\count413

(C:\Users\Mohammed Al-Emara\AppData\Local\Programs\MiKTeX\tex/latex/polyglossia
\gloss-latex.ldf
File: gloss-latex.ldf polyglossia: module for default language
))
(C:\Users\Mohammed Al-Emara\AppData\Local\Programs\MiKTeX\tex/latex/polyglossia
\gloss-arabic.ldf
File: gloss-arabic.ldf polyglossia: module for Arabic

(C:\Users\Mohammed Al-Emara\AppData\Local\Programs\MiKTeX\tex/latex/bidi\bidi.s
ty
Package: bidi 2026/01/08 v26.01.08 (Release Iran) Bidirectional typesetting in 
plain TeX and LaTeX
****************************************************
* 
* bidi package (Bidirectional typesetting with
* plain TeX and LaTeX formats in XeTeX and LuaTeX engines)
* 
* Description: A convenient interface for
* typesetting bidirectional texts in plain TeX
* and LaTeX. The package includes adaptations
* for use with many other commonly-used packages.
* 
* Copyright (c) 2007--2026 Vafa Khalighi
* Copyright (c) 2018--2020 bidi-tex GitHub organization
* 
* v26.01.08 (Release Iran), 2026/01/08
* 
* License: LaTeX Project Public License, version
* 1.3c or higher (your choice)
* 
* Location on CTAN: /macros/unicodetex/generic/bidi
* 
* Issue tracker: https://github.com/xepersian/bidi/issues
* 
* Primary author of bidi package: Vafa Khalighi.
* 
****************************************************

(C:\Users\Mohammed Al-Emara\AppData\Local\Programs\MiKTeX\tex/latex/bidi\bidito
ols.sty
Package: biditools 2025/12/19 v2.9 Programming tools for bidi package
\@bidi@envbody=\toks49
\@bidi@emptytoks=\toks50
\bidi@poscount=\count414
\bidi@tempcountb=\count415
\bidi@temptoksa=\toks51
\bidi@temptoksb=\toks52
\bidi@dummies=\count416
\bidi@are@these@correct=\toks53
\bidi@toks@lista=\toks54
\bidi@toks@listb=\toks55
\bidi@stack@length=\count417
\bidi@empty@stack=\toks56
\bidi@looprepeat@depth=\count418
)
(C:\Users\Mohammed Al-Emara\AppData\Local\Programs\MiKTeX\tex/latex/zref\zref-a
bspage.sty
Package: zref-abspage 2026-03-07 v2.37 Module abspage for zref (HO)

(C:\Users\Mohammed Al-Emara\AppData\Local\Programs\MiKTeX\tex/latex/zref\zref-b
ase.sty
Package: zref-base 2026-03-07 v2.37 Module base for zref (HO)

(C:\Users\Mohammed Al-Emara\AppData\Local\Programs\MiKTeX\tex/generic/kvdefinek
eys\kvdefinekeys.sty
Package: kvdefinekeys 2019-12-19 v1.6 Define keys (HO)
)
(C:\Users\Mohammed Al-Emara\AppData\Local\Programs\MiKTeX\tex/generic/pdftexcmd
s\pdftexcmds.sty
Package: pdftexcmds 2020-06-27 v0.33 Utility functions of pdfTeX for LuaTeX (HO
)
Package pdftexcmds Info: \pdf@primitive is available.
Package pdftexcmds Info: \pdf@ifprimitive is available.
Package pdftexcmds Info: \pdfdraftmode not found.
)
(C:\Users\Mohammed Al-Emara\AppData\Local\Programs\MiKTeX\tex/generic/etexcmds\
etexcmds.sty
Package: etexcmds 2019/12/15 v1.7 Avoid name clashes with e-TeX commands (HO)
)
(C:\Users\Mohammed Al-Emara\AppData\Local\Programs\MiKTeX\tex/latex/auxhook\aux
hook.sty
Package: auxhook 2019-12-17 v1.6 Hooks for auxiliary files (HO)
)
Package zref Info: New property list: main on input line 767.
Package zref Info: New property: default on input line 768.
Package zref Info: New property: page on input line 769.
)
\c@abspage=\count419
Package zref Info: New property: abspage on input line 67.
)
\@bidi@copyins@=\insert252
\bidi@typesethour=\count420
\bidi@typesetminute=\count421

(C:\Users\Mohammed Al-Emara\AppData\Local\Programs\MiKTeX\tex/latex/bidi\latex-
xetex-bidi.def
File: latex-xetex-bidi.def 2025/12/19 v1.5.6 bidi adaptations for `latex.ltx' f
or XeTeX engine
\bidi@n@everypar=\toks57
LaTeX Info: Redefining \centerline on input line 317.
LaTeX Info: Redefining \leftline on input line 326.
LaTeX Info: Redefining \rightline on input line 327.
LaTeX Info: Redefining \underline on input line 335.
\bidi@column@check@number=\count422

(C:\Users\Mohammed Al-Emara\AppData\Local\Programs\MiKTeX\tex/latex/bidi\footno
te-xetex-bidi.def
File: footnote-xetex-bidi.def 2025/09/30 v1.6 bidi footnote macros for XeTeX en
gine
\c@footdir@label=\count423
\footdir@toks=\toks58
)
(C:\Users\Mohammed Al-Emara\AppData\Local\Programs\MiKTeX\tex/latex/bidi\report
-xetex-bidi.def
File: report-xetex-bidi.def 2025/12/19 v1.3 bidi adaptations for standard repor
t class for XeTeX engine
)
(C:\Users\Mohammed Al-Emara\AppData\Local\Programs\MiKTeX\tex/latex/bidi\amsmat
h-xetex-bidi.def
File: amsmath-xetex-bidi.def 2020/05/16 v1.2 bidi adaptations for amsmath packa
ge for XeTeX engine
)
(C:\Users\Mohammed Al-Emara\AppData\Local\Programs\MiKTeX\tex/latex/bidi\amstex
t-xetex-bidi.def
File: amstext-xetex-bidi.def 2016/09/12 v0.2 bidi adaptations for amstext packa
ge for XeTeX engine
)
(C:\Users\Mohammed Al-Emara\AppData\Local\Programs\MiKTeX\tex/latex/bidi\array-
xetex-bidi.def
File: array-xetex-bidi.def 2025/12/06 v0.8 bidi adaptations for array package f
or XeTeX engine
)
(C:\Users\Mohammed Al-Emara\AppData\Local\Programs\MiKTeX\tex/latex/bidi\captio
n-xetex-bidi.def
File: caption-xetex-bidi.def 2010/07/25 v0.1 bidi adaptations for caption packa
ge for XeTeX engine
)
(C:\Users\Mohammed Al-Emara\AppData\Local\Programs\MiKTeX\tex/latex/bidi\captio
n3-xetex-bidi.def
File: caption3-xetex-bidi.def 2013/04/01 v0.1 bidi adaptations for caption3 pac
kage for XeTeX engine
)
(C:\Users\Mohammed Al-Emara\AppData\Local\Programs\MiKTeX\tex/latex/bidi\color-
xetex-bidi.def
File: color-xetex-bidi.def 2013/04/08 v0.2 bidi adaptations for color package f
or XeTeX engine
LaTeX Info: Redefining \color on input line 50.
)
(C:\Users\Mohammed Al-Emara\AppData\Local\Programs\MiKTeX\tex/latex/bidi\float-
xetex-bidi.def
File: float-xetex-bidi.def 2013/04/04 v0.2 bidi adaptations for float package f
or XeTeX engine
)
(C:\Users\Mohammed Al-Emara\AppData\Local\Programs\MiKTeX\tex/latex/bidi\geomet
ry-xetex-bidi.def
File: geometry-xetex-bidi.def 2017/01/14 v0.2 bidi adaptations for geometry pac
kage for XeTeX engine
)
(C:\Users\Mohammed Al-Emara\AppData\Local\Programs\MiKTeX\tex/latex/bidi\graphi
cx-xetex-bidi.def
File: graphicx-xetex-bidi.def 2017/06/17 v0.5 bidi adaptations for graphicx pac
kage for XeTeX engine
)
(C:\Users\Mohammed Al-Emara\AppData\Local\Programs\MiKTeX\tex/latex/bidi\listin
gs-xetex-bidi.def
File: listings-xetex-bidi.def 2025/01/03 v1.6 bidi adaptations for listings pac
kage for XeTeX engine
)
(C:\Users\Mohammed Al-Emara\AppData\Local\Programs\MiKTeX\tex/latex/bidi\longta
ble-xetex-bidi.def
File: longtable-xetex-bidi.def 2025/01/05 v0.8 bidi adaptations for longtable p
ackage for XeTeX engine
)
(C:\Users\Mohammed Al-Emara\AppData\Local\Programs\MiKTeX\tex/latex/bidi\lscape
-xetex-bidi.def
File: lscape-xetex-bidi.def 2025/01/03 v0.3 bidi adaptations for lscape package
 for XeTeX engine
)
(C:\Users\Mohammed Al-Emara\AppData\Local\Programs\MiKTeX\tex/latex/bidi\pgfsys
-xetex-bidi.def
File: pgfsys-xetex-bidi.def 2025/01/05 v0.1 bidi adaptations for pgfsys package
 for XeTeX engine
)
(C:\Users\Mohammed Al-Emara\AppData\Local\Programs\MiKTeX\tex/latex/bidi\rotati
ng-xetex-bidi.def
File: rotating-xetex-bidi.def 2013/05/22 v0.2 bidi adaptations for rotating pac
kage for XeTeX engine
)
(C:\Users\Mohammed Al-Emara\AppData\Local\Programs\MiKTeX\tex/latex/bidi\tabula
rx-xetex-bidi.def
File: tabularx-xetex-bidi.def 2014/11/08 v0.1 bidi adaptations for tabularx pac
kage for XeTeX engine
)
(C:\Users\Mohammed Al-Emara\AppData\Local\Programs\MiKTeX\tex/latex/bidi\tcolor
box-xetex-bidi.def
File: tcolorbox-xetex-bidi.def 2018/11/11 v0.2 bidi adaptations for tcolorbox p
ackage for XeTeX engine
)
(C:\Users\Mohammed Al-Emara\AppData\Local\Programs\MiKTeX\tex/latex/bidi\xcolor
-xetex-bidi.def
File: xcolor-xetex-bidi.def 2022/06/13 v0.3 bidi adaptations for xcolor package
 for XeTeX engine
LaTeX Info: Redefining \color on input line 49.
LaTeX Info: Redefining \bidicolor on input line 92.
)
(C:\Users\Mohammed Al-Emara\AppData\Local\Programs\MiKTeX\tex/latex/bidi\pgfcor
escopes.code-xetex-bidi.def
File: pgfcorescopes.code-xetex-bidi.def 2015/11/14 v0.1 bidi adaptations for pg
f package for XeTeX engine
)
(C:\Users\Mohammed Al-Emara\AppData\Local\Programs\MiKTeX\tex/latex/bidi\tc-xet
ex-xetex-bidi.def
File: tc-xetex-xetex-bidi.def 2014/07/08 v0.1 bidi adaptations for Clipping dri
ver for XeTeX engine
))
\bidi@digits=\count424
\bidi@digits@charclass=\XeTeXcharclass1
\bidi@sepmark@charclass=\XeTeXcharclass2
)
(C:\Users\Mohammed Al-Emara\AppData\Local\Programs\MiKTeX\tex/latex/polyglossia
\arabicnumbers.sty
Package: arabicnumbers 2010/03/18 v0.2 Formatting of Arabic and Farsi digits an
d of Arabic abjad numerals
)
(C:\Users\Mohammed Al-Emara\AppData\Local\Programs\MiKTeX\tex/latex/polyglossia
\hijrical.sty
Package: hijrical 2010/07/12 v0.2 Islamic calendar

(C:\Users\Mohammed Al-Emara\AppData\Local\Programs\MiKTeX\tex/latex/tools\calc.
sty
Package: calc 2025/03/01 v4.3b Infix arithmetic (KKT,FJ)
\calc@Acount=\count425
\calc@Bcount=\count426
\calc@Adimen=\dimen392
\calc@Bdimen=\dimen393
\calc@Askip=\skip65
\calc@Bskip=\skip66
LaTeX Info: Redefining \setlength on input line 86.
LaTeX Info: Redefining \addtolength on input line 87.
\calc@Ccount=\count427
\calc@Cskip=\skip67
)
(C:\Users\Mohammed Al-Emara\AppData\Local\Programs\MiKTeX\tex/latex/polyglossia
\cal-util.def
\c@tmpA=\count428
\c@tmpB=\count429
\c@tmpC=\count430
\c@tmpD=\count431
\c@tmpE=\count432
\c@tmpF=\count433
)
\c@Hijriday=\count434
\c@Hijrimonth=\count435
\c@Hijriyear=\count436
))

Package polyglossia Info: Default language is arabic


(C:\Users\Mohammed Al-Emara\AppData\Local\Programs\MiKTeX\tex/latex/polyglossia
\gloss-english.ldf
File: gloss-english.ldf polyglossia: module for English
)

Package fontspec Info: 
(fontspec)             Simplified Arabic scale = 1.2.


Package fontspec Info: 
(fontspec)             Could not resolve font "Simplified Arabic/I" (it
(fontspec)             probably doesn't exist).


Package fontspec Info: 
(fontspec)             Simplified Arabic scale = 1.2.


Package fontspec Info: 
(fontspec)             Simplified Arabic/B scale = 1.2.


Package fontspec Info: 
(fontspec)             Simplified Arabic/BI scale = 1.2.


Package fontspec Info: 
(fontspec)             Font family 'SimplifiedArabic(0)' created for font
(fontspec)             'Simplified Arabic' with options
(fontspec)             [Ligatures=TeX,Mapping=text-format,Script=Arabic,Scale=1
.2].
(fontspec)              
(fontspec)              This font family consists of the following NFSS
(fontspec)             series/shapes:
(fontspec)              
(fontspec)             - 'normal' (m/n) with NFSS spec.: <->s*[1.2]"Simplified
(fontspec)             Arabic/OT:script=arab;language=dflt;mapping=text-format;
"
(fontspec)             - 'bold' (b/n) with NFSS spec.: <->s*[1.2]"Simplified
(fontspec)             Arabic/B/OT:script=arab;language=dflt;mapping=text-forma
t;"
(fontspec)             - 'bold italic' (b/it) with NFSS spec.:
(fontspec)             <->s*[1.2]"Simplified
(fontspec)             Arabic/BI/OT:script=arab;language=dflt;mapping=text-form
at;"


Package fontspec Info: 
(fontspec)             Simplified Arabic scale = 1.


Package fontspec Info: 
(fontspec)             Could not resolve font "Simplified Arabic/I" (it
(fontspec)             probably doesn't exist).


Package fontspec Info: 
(fontspec)             Simplified Arabic scale = 1.


Package fontspec Info: 
(fontspec)             Simplified Arabic/B scale = 1.


Package fontspec Info: 
(fontspec)             Simplified Arabic/BI scale = 1.


Package fontspec Info: 
(fontspec)             Font family 'SimplifiedArabic(1)' created for font
(fontspec)             'Simplified Arabic' with options
(fontspec)             [Ligatures=TeX,Mapping=text-format,Ligatures=TeX,Scale=1
,Script=Arabic].
(fontspec)              
(fontspec)              This font family consists of the following NFSS
(fontspec)             series/shapes:
(fontspec)              
(fontspec)             - 'normal' (m/n) with NFSS spec.: <->s*[1]"Simplified
(fontspec)             Arabic/OT:script=arab;language=dflt;mapping=tex-text;"
(fontspec)             - 'bold' (b/n) with NFSS spec.: <->s*[1]"Simplified
(fontspec)             Arabic/B/OT:script=arab;language=dflt;mapping=tex-text;"

(fontspec)             - 'bold italic' (b/it) with NFSS spec.:
(fontspec)             <->s*[1]"Simplified
(fontspec)             Arabic/BI/OT:script=arab;language=dflt;mapping=tex-text;
"


Package fontspec Info: 
(fontspec)             Could not resolve font "Simplified Arabic/I" (it
(fontspec)             probably doesn't exist).


Package fontspec Info: 
(fontspec)             Font family 'SimplifiedArabic(2)' created for font
(fontspec)             'Simplified Arabic' with options
(fontspec)             [Ligatures=TeX,Mapping=text-format,Script=Arabic].
(fontspec)              
(fontspec)              This font family consists of the following NFSS
(fontspec)             series/shapes:
(fontspec)              
(fontspec)             - 'normal' (m/n) with NFSS spec.: <->"Simplified
(fontspec)             Arabic/OT:script=arab;language=dflt;mapping=text-format;
"
(fontspec)             - 'bold' (b/n) with NFSS spec.: <->"Simplified
(fontspec)             Arabic/B/OT:script=arab;language=dflt;mapping=text-forma
t;"
(fontspec)             - 'bold italic' (b/it) with NFSS spec.: <->"Simplified
(fontspec)             Arabic/BI/OT:script=arab;language=dflt;mapping=text-form
at;"

LaTeX Font Info:    Overwriting math alphabet `\mathrm' in version `normal'
(Font)                  OT1/lmr/m/n --> TU/SimplifiedArabic(2)/m/n on input lin
e 97.
LaTeX Font Info:    Overwriting math alphabet `\mathit' in version `normal'
(Font)                  OT1/lmr/m/it --> TU/SimplifiedArabic(2)/m/it on input l
ine 97.
LaTeX Font Info:    Overwriting math alphabet `\mathbf' in version `normal'
(Font)                  OT1/lmr/bx/n --> TU/SimplifiedArabic(2)/b/n on input li
ne 97.
LaTeX Font Info:    Font shape `TU/SimplifiedArabic(1)/m/n' will be
(Font)              scaled to size 10.0pt on input line 97.

Package fontspec Info: 
(fontspec)             Font family 'Arial(0)' created for font 'Arial' with
(fontspec)             options [Ligatures=TeX,Mapping=text-format].
(fontspec)              
(fontspec)              This font family consists of the following NFSS
(fontspec)             series/shapes:
(fontspec)              
(fontspec)             - 'normal' (m/n) with NFSS spec.:
(fontspec)             <->"Arial/OT:script=latn;language=dflt;mapping=text-form
at;"
(fontspec)             - 'small caps'  (m/sc) with NFSS spec.:
(fontspec)             <->"Arial/OT:script=latn;language=dflt;+smcp;mapping=tex
t-format;"
(fontspec)             - 'bold' (b/n) with NFSS spec.:
(fontspec)             <->"Arial/B/OT:script=latn;language=dflt;mapping=text-fo
rmat;"
(fontspec)             - 'bold small caps'  (b/sc) with NFSS spec.:
(fontspec)             <->"Arial/B/OT:script=latn;language=dflt;+smcp;mapping=t
ext-format;"
(fontspec)             - 'italic' (m/it) with NFSS spec.:
(fontspec)             <->"Arial/I/OT:script=latn;language=dflt;mapping=text-fo
rmat;"
(fontspec)             - 'italic small caps'  (m/scit) with NFSS spec.:
(fontspec)             <->"Arial/I/OT:script=latn;language=dflt;+smcp;mapping=t
ext-format;"
(fontspec)             - 'bold italic' (b/it) with NFSS spec.:
(fontspec)             <->"Arial/BI/OT:script=latn;language=dflt;mapping=text-f
ormat;"
(fontspec)             - 'bold italic small caps'  (b/scit) with NFSS spec.:
(fontspec)             <->"Arial/BI/OT:script=latn;language=dflt;+smcp;mapping=
text-format;"


(C:\Users\Mohammed Al-Emara\AppData\Local\Programs\MiKTeX\tex/latex/fancyhdr\fa
ncyhdr.sty
Package: fancyhdr 2025/02/07 v5.2 Extensive control of page headers and footers

\f@nch@headwidth=\skip68
\f@nch@offset@elh=\skip69
\f@nch@offset@erh=\skip70
\f@nch@offset@olh=\skip71
\f@nch@offset@orh=\skip72
\f@nch@offset@elf=\skip73
\f@nch@offset@erf=\skip74
\f@nch@offset@olf=\skip75
\f@nch@offset@orf=\skip76
\f@nch@height=\skip77
\f@nch@footalignment=\skip78
\f@nch@widthL=\skip79
\f@nch@widthC=\skip80
\f@nch@widthR=\skip81
\@temptokenb=\toks59
)
(C:\Users\Mohammed Al-Emara\AppData\Local\Programs\MiKTeX\tex/latex/bidi\fancyh
dr-xetex-bidi.def
File: fancyhdr-xetex-bidi.def 2025/09/03 v1.0 bidi adaptations for fancyhdr pac
kage for XeTeX engine
)
(C:\Users\Mohammed Al-Emara\AppData\Local\Programs\MiKTeX\tex/latex/titlesec\ti
tlesec.sty
Package: titlesec 2025/01/04 v2.17 Sectioning titles
\ttl@box=\box123
\beforetitleunit=\skip82
\aftertitleunit=\skip83
\ttl@plus=\dimen394
\ttl@minus=\dimen395
\ttl@toksa=\toks60
\titlewidth=\dimen396
\titlewidthlast=\dimen397
\titlewidthfirst=\dimen398
)
(C:\Users\Mohammed Al-Emara\AppData\Local\Programs\MiKTeX\tex/latex/bidi\titles
ec-xetex-bidi.def
File: titlesec-xetex-bidi.def 2010/07/25 v0.1 bidi adaptations for titlesec pac
kage for XeTeX engine
)
(C:\Users\Mohammed Al-Emara\AppData\Local\Programs\MiKTeX\tex/latex/tocloft\toc
loft.sty
Package: tocloft 2017/08/31 v2.3i parameterised ToC, etc., typesetting
Package tocloft Info: The document has chapter divisions on input line 51.
\cftparskip=\skip84
\cftbeforetoctitleskip=\skip85
\cftaftertoctitleskip=\skip86
\cftbeforepartskip=\skip87
\cftpartnumwidth=\skip88
\cftpartindent=\skip89
\cftbeforechapskip=\skip90
\cftchapindent=\skip91
\cftchapnumwidth=\skip92
\cftbeforesecskip=\skip93
\cftsecindent=\skip94
\cftsecnumwidth=\skip95
\cftbeforesubsecskip=\skip96
\cftsubsecindent=\skip97
\cftsubsecnumwidth=\skip98
\cftbeforesubsubsecskip=\skip99
\cftsubsubsecindent=\skip100
\cftsubsubsecnumwidth=\skip101
\cftbeforeparaskip=\skip102
\cftparaindent=\skip103
\cftparanumwidth=\skip104
\cftbeforesubparaskip=\skip105
\cftsubparaindent=\skip106
\cftsubparanumwidth=\skip107
\cftbeforeloftitleskip=\skip108
\cftafterloftitleskip=\skip109
\cftbeforefigskip=\skip110
\cftfigindent=\skip111
\cftfignumwidth=\skip112
\c@lofdepth=\count437
\c@lotdepth=\count438
\cftbeforelottitleskip=\skip113
\cftafterlottitleskip=\skip114
\cftbeforetabskip=\skip115
\cfttabindent=\skip116
\cfttabnumwidth=\skip117

Package tocloft Warning: \@starttoc has already been redefined; tocloft bailing
 out. on input line 1156.

)
(C:\Users\Mohammed Al-Emara\AppData\Local\Programs\MiKTeX\tex/latex/bidi\toclof
t-xetex-bidi.def
File: tocloft-xetex-bidi.def 2025/01/03 v0.4 bidi adaptations for tocloft packa
ge for XeTeX engine
)
(C:\Users\Mohammed Al-Emara\AppData\Local\Programs\MiKTeX\tex/latex/bookmark\bo
okmark.sty
Package: bookmark 2026-05-21 v1.32 PDF bookmarks (HO)

(C:\Users\Mohammed Al-Emara\AppData\Local\Programs\MiKTeX\tex/latex/hyperref\hy
perref.sty
Package: hyperref 2026-04-24 v7.01q Hypertext links for LaTeX

(C:\Users\Mohammed Al-Emara\AppData\Local\Programs\MiKTeX\tex/generic/pdfescape
\pdfescape.sty
Package: pdfescape 2019/12/09 v1.15 Implements pdfTeX's escape features (HO)
)
(C:\Users\Mohammed Al-Emara\AppData\Local\Programs\MiKTeX\tex/latex/hycolor\hyc
olor.sty
Package: hycolor 2020-01-27 v1.10 Color options for hyperref/bookmark (HO)
)
(C:\Users\Mohammed Al-Emara\AppData\Local\Programs\MiKTeX\tex/latex/hyperref\na
meref.sty
Package: nameref 2026-01-29 v2.58 Cross-referencing by name of section

(C:\Users\Mohammed Al-Emara\AppData\Local\Programs\MiKTeX\tex/latex/refcount\re
fcount.sty
Package: refcount 2019/12/15 v3.6 Data extraction from label references (HO)
)
(C:\Users\Mohammed Al-Emara\AppData\Local\Programs\MiKTeX\tex/generic/gettitles
tring\gettitlestring.sty
Package: gettitlestring 2019/12/15 v1.6 Cleanup title references (HO)
)
\c@section@level=\count439
)
(C:\Users\Mohammed Al-Emara\AppData\Local\Programs\MiKTeX\tex/generic/stringenc
\stringenc.sty
Package: stringenc 2019/11/29 v1.12 Convert strings between diff. encodings (HO
)
)
\@linkdim=\dimen399
\Hy@linkcounter=\count440
\Hy@pagecounter=\count441

(C:\Users\Mohammed Al-Emara\AppData\Local\Programs\MiKTeX\tex/latex/hyperref\pd
1enc.def
File: pd1enc.def 2026-04-24 v7.01q Hyperref: PDFDocEncoding definition (HO)
)
(C:\Users\Mohammed Al-Emara\AppData\Local\Programs\MiKTeX\tex/generic/intcalc\i
ntcalc.sty
Package: intcalc 2019/12/15 v1.3 Expandable calculations with integers (HO)
)
\Hy@SavedSpaceFactor=\count442

(C:\Users\Mohammed Al-Emara\AppData\Local\Programs\MiKTeX\tex/latex/hyperref\pu
enc.def
File: puenc.def 2026-04-24 v7.01q Hyperref: PDF Unicode definition (HO)
)
Package hyperref Info: Option `unicode' set `true' on input line 4070.
Package hyperref Info: Hyper figures OFF on input line 4199.
Package hyperref Info: Link nesting OFF on input line 4204.
Package hyperref Info: Hyper index ON on input line 4207.
Package hyperref Info: Plain pages OFF on input line 4214.
Package hyperref Info: Backreferencing OFF on input line 4219.
Package hyperref Info: Implicit mode ON; LaTeX internals redefined.
Package hyperref Info: Bookmarks ON on input line 4466.
\c@Hy@tempcnt=\count443

(C:\Users\Mohammed Al-Emara\AppData\Local\Programs\MiKTeX\tex/latex/url\url.sty
\Urlmuskip=\muskip19
Package: url 2013/09/16  ver 3.4  Verb mode for urls, etc.
)
LaTeX Info: Redefining \url on input line 4805.
\XeTeXLinkMargin=\dimen400

(C:\Users\Mohammed Al-Emara\AppData\Local\Programs\MiKTeX\tex/generic/bitset\bi
tset.sty
Package: bitset 2019/12/09 v1.3 Handle bit-vector datatype (HO)

(C:\Users\Mohammed Al-Emara\AppData\Local\Programs\MiKTeX\tex/generic/bigintcal
c\bigintcalc.sty
Package: bigintcalc 2019/12/15 v1.5 Expandable calculations on big integers (HO
)
))
\Fld@menulength=\count444
\Field@Width=\dimen401
\Fld@charsize=\dimen402
Package hyperref Info: Hyper figures OFF on input line 6091.
Package hyperref Info: Link nesting OFF on input line 6096.
Package hyperref Info: Hyper index ON on input line 6099.
Package hyperref Info: backreferencing OFF on input line 6106.
Package hyperref Info: Link coloring OFF on input line 6111.
Package hyperref Info: Link coloring with OCG OFF on input line 6116.
Package hyperref Info: PDF/A mode OFF on input line 6121.
\Hy@abspage=\count445
\c@Item=\count446
\c@Hfootnote=\count447
)
Package hyperref Info: Driver (autodetected): hxetex.

(C:\Users\Mohammed Al-Emara\AppData\Local\Programs\MiKTeX\tex/latex/hyperref\hx
etex.def
File: hxetex.def 2026-04-24 v7.01q Hyperref driver for XeTeX
\pdfm@box=\box124
\c@Hy@AnnotLevel=\count448
\HyField@AnnotCount=\count449
\Fld@listcount=\count450
\c@bookmark@seq@number=\count451

(C:\Users\Mohammed Al-Emara\AppData\Local\Programs\MiKTeX\tex/latex/rerunfilech
eck\rerunfilecheck.sty
Package: rerunfilecheck 2025-06-21 v1.11 Rerun checks for auxiliary files (HO)

(C:\Users\Mohammed Al-Emara\AppData\Local\Programs\MiKTeX\tex/generic/uniquecou
nter\uniquecounter.sty
Package: uniquecounter 2019/12/15 v1.4 Provide unlimited unique counter (HO)
)
Package uniquecounter Info: New unique counter `rerunfilecheck' on input line 2
84.
)
\Hy@SectionHShift=\skip118
)
(C:\Users\Mohammed Al-Emara\AppData\Local\Programs\MiKTeX\tex/latex/bidi\hyperr
ef-xetex-bidi.def
File: hyperref-xetex-bidi.def 2025/12/06 v1.5 bidi adaptations for hyperref pac
kage for XeTeX engine
)
(C:\Users\Mohammed Al-Emara\AppData\Local\Programs\MiKTeX\tex/latex/bookmark\bk
m-xetex.def
File: bkm-xetex.def 2026-05-21 v1.32 bookmark driver for xetex (HO)
\BKM@id=\count452
))
(C:\Users\Mohammed Al-Emara\AppData\Local\Programs\MiKTeX\tex/latex/xurl\xurl.s
ty
Package: xurl 2022/01/09 v 0.10 modify URL breaks
)
(C:\Users\Mohammed Al-Emara\AppData\Local\Programs\MiKTeX\tex/latex/bidi\float-
xetex-bidi.def
File: float-xetex-bidi.def 2013/04/04 v0.2 bidi adaptations for float package f
or XeTeX engine
)
LaTeX Font Info:    Font shape `TU/SimplifiedArabic(0)/m/n' will be
(Font)              scaled to size 11.99997pt on input line 272.
Font mapping `text-format.tec' for font `Simplified Arabic/OT:script=arab;langu
age=dflt;mapping=text-format;' not found.
(sss.aux)
\openout1 = `sss.aux'.

LaTeX Font Info:    Checking defaults for OML/cmm/m/it on input line 272.
LaTeX Font Info:    ... okay on input line 272.
LaTeX Font Info:    Checking defaults for OMS/cmsy/m/n on input line 272.
LaTeX Font Info:    ... okay on input line 272.
LaTeX Font Info:    Checking defaults for OT1/cmr/m/n on input line 272.
LaTeX Font Info:    ... okay on input line 272.
LaTeX Font Info:    Checking defaults for T1/cmr/m/n on input line 272.
LaTeX Font Info:    ... okay on input line 272.
LaTeX Font Info:    Checking defaults for TS1/cmr/m/n on input line 272.
LaTeX Font Info:    ... okay on input line 272.
LaTeX Font Info:    Checking defaults for TU/lmr/m/n on input line 272.
LaTeX Font Info:    ... okay on input line 272.
LaTeX Font Info:    Checking defaults for OMX/cmex/m/n on input line 272.
LaTeX Font Info:    ... okay on input line 272.
LaTeX Font Info:    Checking defaults for U/cmr/m/n on input line 272.
LaTeX Font Info:    ... okay on input line 272.
LaTeX Font Info:    Checking defaults for PD1/pdf/m/n on input line 272.
LaTeX Font Info:    ... okay on input line 272.
LaTeX Font Info:    Checking defaults for PU/pdf/m/n on input line 272.
LaTeX Font Info:    ... okay on input line 272.
LaTeX Font Info:    Overwriting math alphabet `\mathsf' in version `normal'
(Font)                  OT1/lmss/m/n --> TU/lmss/m/n on input line 272.
LaTeX Font Info:    Overwriting math alphabet `\mathsf' in version `bold'
(Font)                  OT1/lmss/bx/n --> TU/lmss/b/n on input line 272.
LaTeX Font Info:    Overwriting math alphabet `\mathtt' in version `normal'
(Font)                  OT1/lmtt/m/n --> TU/lmtt/m/n on input line 272.
LaTeX Font Info:    Overwriting math alphabet `\mathtt' in version `bold'
(Font)                  OT1/lmtt/m/n --> TU/lmtt/b/n on input line 272.

Package fontspec Info: 
(fontspec)             Font family 'latinmodern-math.otf(0)' created for font
(fontspec)             'latinmodern-math.otf' with options
(fontspec)             [Ligatures=TeX,Mapping=text-format,BoldItalicFont={},Ita
licFont={},SmallCapsFont={},Script=Math,BoldFont={latinmodern-math.otf}].
(fontspec)              
(fontspec)              This font family consists of the following NFSS
(fontspec)             series/shapes:
(fontspec)              
(fontspec)             - 'normal' (m/n) with NFSS spec.:
(fontspec)             <->"[latinmodern-math.otf]/OT:script=math;language=dflt;
mapping=text-format;"
(fontspec)             - 'bold' (b/n) with NFSS spec.:
(fontspec)             <->"[latinmodern-math.otf]/OT:script=math;language=dflt;
mapping=text-format;"

Font mapping `text-format.tec' for font `[latinmodern-math.otf]/OT:script=math;
language=dflt;mapping=text-format;' not found.

Package fontspec Info: 
(fontspec)             Font family 'latinmodern-math.otf(1)' created for font
(fontspec)             'latinmodern-math.otf' with options
(fontspec)             [Ligatures=TeX,Mapping=text-format,BoldItalicFont={},Ita
licFont={},SmallCapsFont={},Script=Math,SizeFeatures={{Size=8.5-},{Size=6-8.5,F
ont=latinmodern-math.otf,Style=MathScript},{Size=-6,Font=latinmodern-math.otf,S
tyle=MathScriptScript}},BoldFont={latinmodern-math.otf}].
(fontspec)              
(fontspec)              This font family consists of the following NFSS
(fontspec)             series/shapes:
(fontspec)              
(fontspec)             - 'normal' (m/n) with NFSS spec.:
(fontspec)             <8.5->"[latinmodern-math.otf]/OT:script=math;language=df
lt;mapping=text-format;"<6-8.5>"[latinmodern-math.otf]/OT:script=math;language=
dflt;+ssty=0;mapping=text-format;"<-6>"[latinmodern-math.otf]/OT:script=math;la
nguage=dflt;+ssty=1;mapping=text-format;"
(fontspec)             - 'bold' (b/n) with NFSS spec.:
(fontspec)             <->"[latinmodern-math.otf]/OT:script=math;language=dflt;
mapping=text-format;"

LaTeX Font Info:    Encoding `OT1' has changed to `TU' for symbol font
(Font)              `operators' in the math version `normal' on input line 272.

LaTeX Font Info:    Overwriting symbol font `operators' in version `normal'
(Font)                  OT1/lmr/m/n --> TU/latinmodern-math.otf(1)/m/n on input
 line 272.
LaTeX Font Info:    Encoding `OT1' has changed to `TU' for symbol font
(Font)              `operators' in the math version `bold' on input line 272.
LaTeX Font Info:    Overwriting symbol font `operators' in version `bold'
(Font)                  OT1/lmr/bx/n --> TU/latinmodern-math.otf(1)/b/n on inpu
t line 272.

Package fontspec Info: 
(fontspec)             latinmodern-math scale = 1.0001.


Package fontspec Info: 
(fontspec)             latinmodern-math scale = 1.0001.


Package fontspec Info: 
(fontspec)             latinmodern-math scale = 1.0001.


Package fontspec Info: 
(fontspec)             latinmodern-math scale = 1.0001.


Package fontspec Info: 
(fontspec)             latinmodern-math scale = 1.0001.


Package fontspec Info: 
(fontspec)             Font family 'latinmodern-math.otf(2)' created for font
(fontspec)             'latinmodern-math.otf' with options
(fontspec)             [Ligatures=TeX,Mapping=text-format,BoldItalicFont={},Ita
licFont={},SmallCapsFont={},Script=Math,SizeFeatures={{Size=8.5-},{Size=6-8.5,F
ont=latinmodern-math.otf,Style=MathScript},{Size=-6,Font=latinmodern-math.otf,S
tyle=MathScriptScript}},BoldFont={latinmodern-math.otf},ScaleAgain=1.0001,FontA
djustment={\fontdimen
(fontspec)             8\font =6.77pt\relax \fontdimen 9\font =3.94pt\relax
(fontspec)             \fontdimen 10\font =4.44pt\relax \fontdimen 11\font
(fontspec)             =6.86pt\relax \fontdimen 12\font =3.45pt\relax
(fontspec)             \fontdimen 13\font =3.63pt\relax \fontdimen 14\font
(fontspec)             =3.63pt\relax \fontdimen 15\font =2.89pt\relax
(fontspec)             \fontdimen 16\font =2.47pt\relax \fontdimen 17\font
(fontspec)             =2.47pt\relax \fontdimen 18\font =2.5pt\relax
(fontspec)             \fontdimen 19\font =2.0pt\relax \fontdimen 22\font
(fontspec)             =2.5pt\relax \fontdimen 20\font =0pt\relax \fontdimen
(fontspec)             21\font =0pt\relax }].
(fontspec)              
(fontspec)              This font family consists of the following NFSS
(fontspec)             series/shapes:
(fontspec)              
(fontspec)             - 'normal' (m/n) with NFSS spec.:
(fontspec)             <8.5->s*[1.0001]"[latinmodern-math.otf]/OT:script=math;l
anguage=dflt;mapping=text-format;"<6-8.5>s*[1.0001]"[latinmodern-math.otf]/OT:s
cript=math;language=dflt;+ssty=0;mapping=text-format;"<-6>s*[1.0001]"[latinmode
rn-math.otf]/OT:script=math;language=dflt;+ssty=1;mapping=text-format;"
(fontspec)             - 'bold' (b/n) with NFSS spec.:
(fontspec)             <->s*[1.0001]"[latinmodern-math.otf]/OT:script=math;lang
uage=dflt;mapping=text-format;"

LaTeX Font Info:    Encoding `OMS' has changed to `TU' for symbol font
(Font)              `symbols' in the math version `normal' on input line 272.
LaTeX Font Info:    Overwriting symbol font `symbols' in version `normal'
(Font)                  OMS/lmsy/m/n --> TU/latinmodern-math.otf(2)/m/n on inpu
t line 272.
LaTeX Font Info:    Encoding `OMS' has changed to `TU' for symbol font
(Font)              `symbols' in the math version `bold' on input line 272.
LaTeX Font Info:    Overwriting symbol font `symbols' in version `bold'
(Font)                  OMS/lmsy/b/n --> TU/latinmodern-math.otf(2)/b/n on inpu
t line 272.

Package fontspec Info: 
(fontspec)             latinmodern-math scale = 0.9999.


Package fontspec Info: 
(fontspec)             latinmodern-math scale = 0.9999.


Package fontspec Info: 
(fontspec)             latinmodern-math scale = 0.9999.


Package fontspec Info: 
(fontspec)             latinmodern-math scale = 0.9999.


Package fontspec Info: 
(fontspec)             latinmodern-math scale = 0.9999.


Package fontspec Info: 
(fontspec)             Font family 'latinmodern-math.otf(3)' created for font
(fontspec)             'latinmodern-math.otf' with options
(fontspec)             [Ligatures=TeX,Mapping=text-format,BoldItalicFont={},Ita
licFont={},SmallCapsFont={},Script=Math,SizeFeatures={{Size=8.5-},{Size=6-8.5,F
ont=latinmodern-math.otf,Style=MathScript},{Size=-6,Font=latinmodern-math.otf,S
tyle=MathScriptScript}},BoldFont={latinmodern-math.otf},ScaleAgain=0.9999,FontA
djustment={\fontdimen
(fontspec)             8\font =0.4pt\relax \fontdimen 9\font =2.0pt\relax
(fontspec)             \fontdimen 10\font =1.67pt\relax \fontdimen 11\font
(fontspec)             =1.11pt\relax \fontdimen 12\font =6.0pt\relax
(fontspec)             \fontdimen 13\font =0pt\relax }].
(fontspec)              
(fontspec)              This font family consists of the following NFSS
(fontspec)             series/shapes:
(fontspec)              
(fontspec)             - 'normal' (m/n) with NFSS spec.:
(fontspec)             <8.5->s*[0.9999]"[latinmodern-math.otf]/OT:script=math;l
anguage=dflt;mapping=text-format;"<6-8.5>s*[0.9999]"[latinmodern-math.otf]/OT:s
cript=math;language=dflt;+ssty=0;mapping=text-format;"<-6>s*[0.9999]"[latinmode
rn-math.otf]/OT:script=math;language=dflt;+ssty=1;mapping=text-format;"
(fontspec)             - 'bold' (b/n) with NFSS spec.:
(fontspec)             <->s*[0.9999]"[latinmodern-math.otf]/OT:script=math;lang
uage=dflt;mapping=text-format;"

LaTeX Font Info:    Encoding `OMX' has changed to `TU' for symbol font
(Font)              `largesymbols' in the math version `normal' on input line 2
72.
LaTeX Font Info:    Overwriting symbol font `largesymbols' in version `normal'
(Font)                  OMX/lmex/m/n --> TU/latinmodern-math.otf(3)/m/n on inpu
t line 272.
LaTeX Font Info:    Encoding `OMX' has changed to `TU' for symbol font
(Font)              `largesymbols' in the math version `bold' on input line 272
.
LaTeX Font Info:    Overwriting symbol font `largesymbols' in version `bold'
(Font)                  OMX/lmex/m/n --> TU/latinmodern-math.otf(3)/b/n on inpu
t line 272.
Package microtype Info: Patching varwidth to enable character protrusion.
\MT@vwid@leftmargin=\dimen403
\MT@vwid@rightmargin=\dimen404
LaTeX Info: Redefining \microtypecontext on input line 272.
Package microtype Info: Applying patch `item' on input line 272.
Package microtype Info: Applying patch `toc' on input line 272.
Package microtype Info: Applying patch `eqnum' on input line 272.
Package microtype Info: Applying patch `footnote' on input line 272.
Package microtype Info: Applying patch `verbatim' on input line 272.
LaTeX Info: Redefining \microtypesetup on input line 272.
Package microtype Info: Character protrusion enabled (level 2).
Package microtype Info: Using protrusion set `basicmath'.
Package microtype Info: No adjustment of tracking.
Package microtype Info: No adjustment of spacing.
Package microtype Info: No adjustment of kerning.
Package microtype Info: Loading generic protrusion settings for font family
(microtype)             `SimplifiedArabic' (encoding: TU).
(microtype)             For optimal results, create family-specific settings.
(microtype)             See the microtype manual for details.

Package microtype Warning: Unknown slot number of character
(microtype)                `\k A'
(microtype)                in font encoding `TU' in inheritance list
(microtype)                `microtype.cfg/425(protrusion)'.


Package microtype Warning: Unknown slot number of character
(microtype)                `\u A'
(microtype)                in font encoding `TU' in inheritance list
(microtype)                `microtype.cfg/425(protrusion)'.


Package microtype Warning: Unknown slot number of character
(microtype)                `\k a'
(microtype)                in font encoding `TU' in inheritance list
(microtype)                `microtype.cfg/425(protrusion)'.


Package microtype Warning: Unknown slot number of character
(microtype)                `\u a'
(microtype)                in font encoding `TU' in inheritance list
(microtype)                `microtype.cfg/425(protrusion)'.


Package microtype Warning: Unknown slot number of character
(microtype)                `\'C'
(microtype)                in font encoding `TU' in inheritance list
(microtype)                `microtype.cfg/425(protrusion)'.


Package microtype Warning: Unknown slot number of character
(microtype)                `\v C'
(microtype)                in font encoding `TU' in inheritance list
(microtype)                `microtype.cfg/425(protrusion)'.


Package microtype Warning: Unknown slot number of character
(microtype)                `\'c'
(microtype)                in font encoding `TU' in inheritance list
(microtype)                `microtype.cfg/425(protrusion)'.


Package microtype Warning: Unknown slot number of character
(microtype)                `\v c'
(microtype)                in font encoding `TU' in inheritance list
(microtype)                `microtype.cfg/425(protrusion)'.


Package microtype Warning: Unknown slot number of character
(microtype)                `\v D'
(microtype)                in font encoding `TU' in inheritance list
(microtype)                `microtype.cfg/425(protrusion)'.


Package microtype Warning: Unknown slot number of character
(microtype)                `\v d'
(microtype)                in font encoding `TU' in inheritance list
(microtype)                `microtype.cfg/425(protrusion)'.

Package microtype Info: Character `\dj ' is missing
(microtype)             in font `\TU/SimplifiedArabic(1)/m/n/10'.
(microtype)             Ignoring protrusion settings for this character.

Package microtype Warning: Unknown slot number of character
(microtype)                `\k E'
(microtype)                in font encoding `TU' in inheritance list
(microtype)                `microtype.cfg/425(protrusion)'.


Package microtype Warning: Unknown slot number of character
(microtype)                `\v E'
(microtype)                in font encoding `TU' in inheritance list
(microtype)                `microtype.cfg/425(protrusion)'.


Package microtype Warning: Unknown slot number of character
(microtype)                `\k e'
(microtype)                in font encoding `TU' in inheritance list
(microtype)                `microtype.cfg/425(protrusion)'.


Package microtype Warning: Unknown slot number of character
(microtype)                `\v e'
(microtype)                in font encoding `TU' in inheritance list
(microtype)                `microtype.cfg/425(protrusion)'.


Package microtype Warning: Unknown slot number of character
(microtype)                `\u G'
(microtype)                in font encoding `TU' in inheritance list
(microtype)                `microtype.cfg/425(protrusion)'.


Package microtype Warning: Unknown slot number of character
(microtype)                `\u g'
(microtype)                in font encoding `TU' in inheritance list
(microtype)                `microtype.cfg/425(protrusion)'.


Package microtype Warning: Unknown slot number of character
(microtype)                `\.I'
(microtype)                in font encoding `TU' in inheritance list
(microtype)                `microtype.cfg/425(protrusion)'.

Package microtype Info: Character `\L ' is missing
(microtype)             in font `\TU/SimplifiedArabic(1)/m/n/10'.
(microtype)             Ignoring protrusion settings for this character.

Package microtype Warning: Unknown slot number of character
(microtype)                `\'L'
(microtype)                in font encoding `TU' in inheritance list
(microtype)                `microtype.cfg/425(protrusion)'.


Package microtype Warning: Unknown slot number of character
(microtype)                `\v L'
(microtype)                in font encoding `TU' in inheritance list
(microtype)                `microtype.cfg/425(protrusion)'.

Package microtype Info: Character `\l ' is missing
(microtype)             in font `\TU/SimplifiedArabic(1)/m/n/10'.
(microtype)             Ignoring protrusion settings for this character.

Package microtype Warning: Unknown slot number of character
(microtype)                `\'l'
(microtype)                in font encoding `TU' in inheritance list
(microtype)                `microtype.cfg/425(protrusion)'.


Package microtype Warning: Unknown slot number of character
(microtype)                `\v l'
(microtype)                in font encoding `TU' in inheritance list
(microtype)                `microtype.cfg/425(protrusion)'.


Package microtype Warning: Unknown slot number of character
(microtype)                `\'N'
(microtype)                in font encoding `TU' in inheritance list
(microtype)                `microtype.cfg/425(protrusion)'.


Package microtype Warning: Unknown slot number of character
(microtype)                `\v N'
(microtype)                in font encoding `TU' in inheritance list
(microtype)                `microtype.cfg/425(protrusion)'.


Package microtype Warning: Unknown slot number of character
(microtype)                `\'n'
(microtype)                in font encoding `TU' in inheritance list
(microtype)                `microtype.cfg/425(protrusion)'.


Package microtype Warning: Unknown slot number of character
(microtype)                `\v n'
(microtype)                in font encoding `TU' in inheritance list
(microtype)                `microtype.cfg/425(protrusion)'.


Package microtype Warning: Unknown slot number of character
(microtype)                `\H O'
(microtype)                in font encoding `TU' in inheritance list
(microtype)                `microtype.cfg/425(protrusion)'.


Package microtype Warning: Unknown slot number of character
(microtype)                `\H o'
(microtype)                in font encoding `TU' in inheritance list
(microtype)                `microtype.cfg/425(protrusion)'.


Package microtype Warning: Unknown slot number of character
(microtype)                `\'R'
(microtype)                in font encoding `TU' in inheritance list
(microtype)                `microtype.cfg/425(protrusion)'.


Package microtype Warning: Unknown slot number of character
(microtype)                `\v R'
(microtype)                in font encoding `TU' in inheritance list
(microtype)                `microtype.cfg/425(protrusion)'.


Package microtype Warning: Unknown slot number of character
(microtype)                `\'r'
(microtype)                in font encoding `TU' in inheritance list
(microtype)                `microtype.cfg/425(protrusion)'.


Package microtype Warning: Unknown slot number of character
(microtype)                `\v r'
(microtype)                in font encoding `TU' in inheritance list
(microtype)                `microtype.cfg/425(protrusion)'.


Package microtype Warning: Unknown slot number of character
(microtype)                `\'S'
(microtype)                in font encoding `TU' in inheritance list
(microtype)                `microtype.cfg/425(protrusion)'.


Package microtype Warning: Unknown slot number of character
(microtype)                `\c S'
(microtype)                in font encoding `TU' in inheritance list
(microtype)                `microtype.cfg/425(protrusion)'.


Package microtype Warning: Unknown slot number of character
(microtype)                `\'s'
(microtype)                in font encoding `TU' in inheritance list
(microtype)                `microtype.cfg/425(protrusion)'.


Package microtype Warning: Unknown slot number of character
(microtype)                `\c s'
(microtype)                in font encoding `TU' in inheritance list
(microtype)                `microtype.cfg/425(protrusion)'.


Package microtype Warning: Unknown slot number of character
(microtype)                `\c T'
(microtype)                in font encoding `TU' in inheritance list
(microtype)                `microtype.cfg/425(protrusion)'.


Package microtype Warning: Unknown slot number of character
(microtype)                `\v T'
(microtype)                in font encoding `TU' in inheritance list
(microtype)                `microtype.cfg/425(protrusion)'.


Package microtype Warning: Unknown slot number of character
(microtype)                `\c t'
(microtype)                in font encoding `TU' in inheritance list
(microtype)                `microtype.cfg/425(protrusion)'.


Package microtype Warning: Unknown slot number of character
(microtype)                `\v t'
(microtype)                in font encoding `TU' in inheritance list
(microtype)                `microtype.cfg/425(protrusion)'.


Package microtype Warning: Unknown slot number of character
(microtype)                `\H U'
(microtype)                in font encoding `TU' in inheritance list
(microtype)                `microtype.cfg/425(protrusion)'.


Package microtype Warning: Unknown slot number of character
(microtype)                `\r U'
(microtype)                in font encoding `TU' in inheritance list
(microtype)                `microtype.cfg/425(protrusion)'.


Package microtype Warning: Unknown slot number of character
(microtype)                `\H u'
(microtype)                in font encoding `TU' in inheritance list
(microtype)                `microtype.cfg/425(protrusion)'.


Package microtype Warning: Unknown slot number of character
(microtype)                `\r u'
(microtype)                in font encoding `TU' in inheritance list
(microtype)                `microtype.cfg/425(protrusion)'.


Package microtype Warning: Unknown slot number of character
(microtype)                `\'Z'
(microtype)                in font encoding `TU' in inheritance list
(microtype)                `microtype.cfg/425(protrusion)'.


Package microtype Warning: Unknown slot number of character
(microtype)                `\.Z'
(microtype)                in font encoding `TU' in inheritance list
(microtype)                `microtype.cfg/425(protrusion)'.


Package microtype Warning: Unknown slot number of character
(microtype)                `\'z'
(microtype)                in font encoding `TU' in inheritance list
(microtype)                `microtype.cfg/425(protrusion)'.


Package microtype Warning: Unknown slot number of character
(microtype)                `\.z'
(microtype)                in font encoding `TU' in inheritance list
(microtype)                `microtype.cfg/425(protrusion)'.

*geometry* driver: auto-detecting
*geometry* detected driver: xetex
*geometry* verbose mode - [ preamble ] result:
* driver: xetex
* paper: a4paper
* layout: <same size as paper>
* layoutoffset:(h,v)=(0.0pt,0.0pt)
* modes: landscape includehead 
* h-part:(L,W,R)=(28.45274pt, 788.14136pt, 28.45274pt)
* v-part:(T,H,B)=(14.22636pt, 554.82877pt, 28.45274pt)
* \paperwidth=845.04684pt
* \paperheight=597.50787pt
* \textwidth=788.14136pt
* \textheight=519.82877pt
* \oddsidemargin=-43.81725pt
* \evensidemargin=-43.81725pt
* \topmargin=-58.04362pt
* \headheight=35.0pt
* \headsep=0.0pt
* \topskip=10.0pt
* \footskip=25.0pt
* \marginparwidth=65.0pt
* \marginparsep=11.0pt
* \columnsep=10.0pt
* \skip\footins=9.0pt plus 4.0pt minus 2.0pt
* \hoffset=0.0pt
* \voffset=0.0pt
* \mag=1000
* \@twocolumnfalse
* \@twosidefalse
* \@mparswitchfalse
* \@reversemarginfalse
* (1in=72.27pt=25.4mm, 1cm=28.453pt)

Package caption Info: Begin \AtBeginDocument code.
Package caption Info: hyperref package is loaded.
Package caption Info: listings package is loaded.
Package caption Info: End \AtBeginDocument code.
\c@lstlisting=\count453
Package hyperref Info: Link coloring OFF on input line 272.
File: iraq_logo.png Graphic file (type bmp)
<iraq_logo.png>
LaTeX Font Info:    Font shape `TU/SimplifiedArabic(0)/m/n' will be
(Font)              scaled to size 28.79993pt on input line 339.
Font mapping `text-format.tec' for font `Simplified Arabic/OT:script=arab;langu
age=dflt;mapping=text-format;' not found.
LaTeX Font Info:    Font shape `TU/SimplifiedArabic(0)/b/n' will be
(Font)              scaled to size 28.79993pt on input line 339.
Font mapping `text-format.tec' for font `Simplified Arabic/B/OT:script=arab;lan
guage=dflt;mapping=text-format;' not found.
LaTeX Font Info:    Font shape `TU/SimplifiedArabic(0)/m/n' will be
(Font)              scaled to size 26.39993pt on input line 340.
Font mapping `text-format.tec' for font `Simplified Arabic/OT:script=arab;langu
age=dflt;mapping=text-format;' not found.
LaTeX Font Info:    Font shape `TU/SimplifiedArabic(0)/b/n' will be
(Font)              scaled to size 26.39993pt on input line 340.
Font mapping `text-format.tec' for font `Simplified Arabic/B/OT:script=arab;lan
guage=dflt;mapping=text-format;' not found.
Font mapping `text-format.tec' for font `[latinmodern-math.otf]/OT:script=math;
language=dflt;+ssty=0;mapping=text-format;' not found.
Font mapping `text-format.tec' for font `[latinmodern-math.otf]/OT:script=math;
language=dflt;+ssty=1;mapping=text-format;' not found.
LaTeX Font Info:    Trying to load font information for OML+lmm on input line 3
43.

(C:\Users\Mohammed Al-Emara\AppData\Local\Programs\MiKTeX\tex/latex/lm\omllmm.f
d
File: omllmm.fd 2015/05/01 v1.6.1 Font defs for Latin Modern
)
LaTeX Font Info:    Font shape `TU/latinmodern-math.otf(2)/m/n' will be
(Font)              scaled to size 10.00107pt on input line 343.
Font mapping `text-format.tec' for font `[latinmodern-math.otf]/OT:script=math;
language=dflt;mapping=text-format;' not found.
LaTeX Font Info:    Font shape `TU/latinmodern-math.otf(2)/m/n' will be
(Font)              scaled to size 7.00075pt on input line 343.
Font mapping `text-format.tec' for font `[latinmodern-math.otf]/OT:script=math;
language=dflt;+ssty=0;mapping=text-format;' not found.
LaTeX Font Info:    Font shape `TU/latinmodern-math.otf(2)/m/n' will be
(Font)              scaled to size 5.00053pt on input line 343.
Font mapping `text-format.tec' for font `[latinmodern-math.otf]/OT:script=math;
language=dflt;+ssty=1;mapping=text-format;' not found.
LaTeX Font Info:    Font shape `TU/latinmodern-math.otf(3)/m/n' will be
(Font)              scaled to size 9.99893pt on input line 343.
Font mapping `text-format.tec' for font `[latinmodern-math.otf]/OT:script=math;
language=dflt;mapping=text-format;' not found.
LaTeX Font Info:    Font shape `TU/latinmodern-math.otf(3)/m/n' will be
(Font)              scaled to size 6.99925pt on input line 343.
Font mapping `text-format.tec' for font `[latinmodern-math.otf]/OT:script=math;
language=dflt;+ssty=0;mapping=text-format;' not found.
LaTeX Font Info:    Font shape `TU/latinmodern-math.otf(3)/m/n' will be
(Font)              scaled to size 4.99947pt on input line 343.
Font mapping `text-format.tec' for font `[latinmodern-math.otf]/OT:script=math;
language=dflt;+ssty=1;mapping=text-format;' not found.
LaTeX Font Info:    Trying to load font information for U+msa on input line 343
.

(C:\Users\Mohammed Al-Emara\AppData\Local\Programs\MiKTeX\tex/latex/amsfonts\um
sa.fd
File: umsa.fd 2013/01/14 v3.01 AMS symbols A
)
(C:\Users\Mohammed Al-Emara\AppData\Local\Programs\MiKTeX\tex/latex/microtype\m
t-msa.cfg
File: mt-msa.cfg 2006/02/04 v1.1 microtype config. file: AMS symbols (a) (RS)
)
LaTeX Font Info:    Trying to load font information for U+msb on input line 343
.

(C:\Users\Mohammed Al-Emara\AppData\Local\Programs\MiKTeX\tex/latex/amsfonts\um
sb.fd
File: umsb.fd 2013/01/14 v3.01 AMS symbols B
)
(C:\Users\Mohammed Al-Emara\AppData\Local\Programs\MiKTeX\tex/latex/microtype\m
t-msb.cfg
File: mt-msb.cfg 2005/06/01 v1.0 microtype config. file: AMS symbols (b) (RS)
)
Font mapping `text-format.tec' for font `Arial/OT:script=latn;language=dflt;map
ping=text-format;' not found.
Font mapping `text-format.tec' for font `Arial/OT:script=latn;language=dflt;map
ping=text-format;' not found.
Font mapping `text-format.tec' for font `Arial/B/OT:script=latn;language=dflt;m
apping=text-format;' not found.
LaTeX Font Info:    Font shape `TU/SimplifiedArabic(0)/m/n' will be
(Font)              scaled to size 16.79996pt on input line 356.
Font mapping `text-format.tec' for font `Simplified Arabic/OT:script=arab;langu
age=dflt;mapping=text-format;' not found.
LaTeX Font Info:    Font shape `TU/SimplifiedArabic(0)/b/n' will be
(Font)              scaled to size 16.79996pt on input line 356.
Font mapping `text-format.tec' for font `Simplified Arabic/B/OT:script=arab;lan
guage=dflt;mapping=text-format;' not found.
LaTeX Font Info:    Font shape `TU/SimplifiedArabic(0)/m/n' will be
(Font)              scaled to size 17.27994pt on input line 372.
Font mapping `text-format.tec' for font `Simplified Arabic/OT:script=arab;langu
age=dflt;mapping=text-format;' not found.
LaTeX Font Info:    Font shape `TU/SimplifiedArabic(0)/m/n' will be
(Font)              scaled to size 50.39987pt on input line 374.
Font mapping `text-format.tec' for font `Simplified Arabic/OT:script=arab;langu
age=dflt;mapping=text-format;' not found.
LaTeX Font Info:    Font shape `TU/SimplifiedArabic(0)/b/n' will be
(Font)              scaled to size 50.39987pt on input line 374.
Font mapping `text-format.tec' for font `Simplified Arabic/B/OT:script=arab;lan
guage=dflt;mapping=text-format;' not found.

Package hyperref Warning: Token not allowed in a PDF string (Unicode):
(hyperref)                removing `\textenglish' on input line 382.


Package hyperref Warning: Token not allowed in a PDF string (PDFDocEncoding):
(hyperref)                removing `\textenglish' on input line 382.

[1

]
LaTeX Font Info:    Font shape `TU/SimplifiedArabic(0)/m/n' will be
(Font)              scaled to size 29.85593pt on input line 385.
Font mapping `text-format.tec' for font `Simplified Arabic/OT:script=arab;langu
age=dflt;mapping=text-format;' not found.
LaTeX Font Info:    Font shape `TU/SimplifiedArabic(0)/b/n' will be
(Font)              scaled to size 29.85593pt on input line 385.
Font mapping `text-format.tec' for font `Simplified Arabic/B/OT:script=arab;lan
guage=dflt;mapping=text-format;' not found.
(sss.toc
LaTeX Font Info:    Font shape `TU/SimplifiedArabic(0)/b/n' will be
(Font)              scaled to size 11.99997pt on input line 8.
Font mapping `text-format.tec' for font `Simplified Arabic/B/OT:script=arab;lan
guage=dflt;mapping=text-format;' not found.
Font mapping `text-format.tec' for font `Arial/B/OT:script=latn;language=dflt;m
apping=text-format;' not found.
LaTeX Font Info:    Font shape `TU/SimplifiedArabic(0)/m/n' will be
(Font)              scaled to size 5.99998pt on input line 11.
Font mapping `text-format.tec' for font `Simplified Arabic/OT:script=arab;langu
age=dflt;mapping=text-format;' not found.
LaTeX Font Info:    Font shape `TU/SimplifiedArabic(0)/m/n' will be
(Font)              scaled to size 14.39996pt on input line 11.
Font mapping `text-format.tec' for font `Simplified Arabic/OT:script=arab;langu
age=dflt;mapping=text-format;' not found.
)
\tf@toc=\write4
\openout4 = `sss.toc'.


Package hyperref Warning: Token not allowed in a PDF string (Unicode):
(hyperref)                removing `\textenglish' on input line 387.


Package hyperref Warning: Token not allowed in a PDF string (PDFDocEncoding):
(hyperref)                removing `\textenglish' on input line 387.

[1]
الفصل 1.

Package hyperref Warning: Token not allowed in a PDF string (Unicode):
(hyperref)                removing `\textenglish' on input line 390.


Package hyperref Warning: Token not allowed in a PDF string (PDFDocEncoding):
(hyperref)                removing `\textenglish' on input line 390.

[2

]
LaTeX Font Info:    Font shape `TU/SimplifiedArabic(0)/b/n' will be
(Font)              scaled to size 17.27994pt on input line 391.
Font mapping `text-format.tec' for font `Simplified Arabic/B/OT:script=arab;lan
guage=dflt;mapping=text-format;' not found.
Font mapping `text-format.tec' for font `Arial/B/OT:script=latn;language=dflt;m
apping=text-format;' not found.
LaTeX Font Info:    Font shape `TU/SimplifiedArabic(0)/m/n' will be
(Font)              scaled to size 10.79997pt on input line 394.
Font mapping `text-format.tec' for font `Simplified Arabic/OT:script=arab;langu
age=dflt;mapping=text-format;' not found.
LaTeX Font Info:    Font shape `TU/SimplifiedArabic(0)/b/n' will be
(Font)              scaled to size 10.79997pt on input line 394.
Font mapping `text-format.tec' for font `Simplified Arabic/B/OT:script=arab;lan
guage=dflt;mapping=text-format;' not found.
LaTeX Font Info:    Font shape `TU/SimplifiedArabic(0)/b/n' will be
(Font)              scaled to size 14.39996pt on input line 394.
Font mapping `text-format.tec' for font `Simplified Arabic/B/OT:script=arab;lan
guage=dflt;mapping=text-format;' not found.

Package hyperref Warning: Token not allowed in a PDF string (Unicode):
(hyperref)                removing `\textenglish' on input line 394.


Package hyperref Warning: Token not allowed in a PDF string (PDFDocEncoding):
(hyperref)                removing `\textenglish' on input line 394.

[3]

Package hyperref Warning: Token not allowed in a PDF string (Unicode):
(hyperref)                removing `\textenglish' on input line 397.


Package hyperref Warning: Token not allowed in a PDF string (PDFDocEncoding):
(hyperref)                removing `\textenglish' on input line 397.

[4]

Package hyperref Warning: Token not allowed in a PDF string (Unicode):
(hyperref)                removing `\textenglish' on input line 400.


Package hyperref Warning: Token not allowed in a PDF string (PDFDocEncoding):
(hyperref)                removing `\textenglish' on input line 400.

[5]

Package hyperref Warning: Token not allowed in a PDF string (Unicode):
(hyperref)                removing `\textenglish' on input line 403.


Package hyperref Warning: Token not allowed in a PDF string (PDFDocEncoding):
(hyperref)                removing `\textenglish' on input line 403.

[6]

Package hyperref Warning: Token not allowed in a PDF string (Unicode):
(hyperref)                removing `\textenglish' on input line 425.


Package hyperref Warning: Token not allowed in a PDF string (PDFDocEncoding):
(hyperref)                removing `\textenglish' on input line 425.

[7]

Package hyperref Warning: Token not allowed in a PDF string (Unicode):
(hyperref)                removing `\textenglish' on input line 429.


Package hyperref Warning: Token not allowed in a PDF string (PDFDocEncoding):
(hyperref)                removing `\textenglish' on input line 429.

[8

] (sss.aux)
 ***********
LaTeX2e <2026-06-01>
L3 programming layer <2026-05-26>
 ***********
 ) 
Here is how much of TeX's memory you used:
 44391 strings out of 402627
 939039 string characters out of 5436608
 1555299 words of memory out of 5000000
 72763 multiletter control sequences out of 15000+600000
 631522 words of font info for 105 fonts, out of 8000000 for 9000
 1348 hyphenation exceptions out of 8191
 90i,15n,107p,1225b,1387s stack positions out of 10000i,1000n,20000p,200000b,200000s

Output written on sss.pdf (9 pages).
